{
  "type": "FeatureCollection",
  "generator": "overpass-turbo",
  "copyright": "The data included in this document is from www.openstreetmap.org. The data is made available under ODbL.",
  "timestamp": "2025-09-30T19:47:41Z",
  "features": [
    {
      "type": "Feature",
      "properties": {
        "@id": "way/13278480",
        "highway": "residential",
        "name": "Exposition Place",
        "tiger:cfcc": "A41",
        "tiger:county": "Los Angeles, CA",
        "tiger:name_base": "Exposition",
        "tiger:name_type": "Pl",
        "tiger:reviewed": "no",
        "tiger:zip_left": "90018",
        "tiger:zip_right": "90018"
      },
      "geometry": {
        "type": "LineString",
        "coordinates": [
          [
            -118.327332,
            34.0202615
          ],
          [
            -118.3274253,
            34.020283
          ],
          [
            -118.3297665,
            34.0208228
          ],
          [
            -118.3298262,
            34.0208365
          ],
          [
            -118.3299115,
            34.0208562
          ],
          [
            -118.3310522,
            34.0211191
          ],
          [
            -118.3320168,
            34.0213415
          ],
          [
            -118.3338286,
            34.0217593
          ],
          [
            -118.3339079,
            34.0217774
          ]
        ]
      },
      "id": "way/13278480"
    },
    {
      "type": "Feature",
      "properties": {
        "@id": "way/13278482",
        "highway": "residential",
        "name": "Exposition Place",
        "surface": "asphalt",
        "tiger:cfcc": "A41",
        "tiger:county": "Los Angeles, CA",
        "tiger:name_base": "Exposition",
        "tiger:name_type": "Pl",
        "tiger:zip_left": "90018",
        "tiger:zip_right": "90018"
      },
      "geometry": {
        "type": "LineString",
        "coordinates": [
          [
            -118.3213429,
            34.0190904
          ],
          [
            -118.3220908,
            34.0192638
          ],
          [
            -118.3232457,
            34.0195279
          ],
          [
            -118.3241526,
            34.0197353
          ],
          [
            -118.3249282,
            34.0199126
          ],
          [
            -118.3268778,
            34.0203664
          ],
          [
            -118.3272667,
            34.020457
          ]
        ]
      },
      "id": "way/13278482"
    },
    {
      "type": "Feature",
      "properties": {
        "@id": "way/13278707",
        "highway": "residential",
        "lanes": "2",
        "name": "West 45th Street",
        "surface": "asphalt",
        "tiger:cfcc": "A41",
        "tiger:county": "Los Angeles, CA",
        "tiger:name_base": "45th",
        "tiger:name_direction_prefix": "W",
        "tiger:name_type": "St",
        "tiger:zip_left": "90062",
        "tiger:zip_right": "90062"
      },
      "geometry": {
        "type": "LineString",
        "coordinates": [
          [
            -118.300172,
            34.0028
          ],
          [
            -118.3007356,
            34.0028018
          ],
          [
            -118.3023572,
            34.0027943
          ],
          [
            -118.3045811,
            34.0028129
          ],
          [
            -118.3066629,
            34.0028144
          ],
          [
            -118.3067584,
            34.0028145
          ],
          [
            -118.3068608,
            34.0028146
          ],
          [
            -118.3083268,
            34.0028161
          ],
          [
            -118.308813,
            34.002807
          ],
          [
            -118.308939,
            34.0028093
          ],
          [
            -118.3090718,
            34.0028129
          ],
          [
            -118.3095375,
            34.0028101
          ],
          [
            -118.3113468,
            34.0028012
          ],
          [
            -118.313297,
            34.0027932
          ],
          [
            -118.3137389,
            34.0027972
          ],
          [
            -118.3138413,
            34.0027945
          ]
        ]
      },
      "id": "way/13278707"
    },
    {
      "type": "Feature",
      "properties": {
        "@id": "way/13280413",
        "highway": "residential",
        "name": "West 57th Street",
        "tiger:cfcc": "A41",
        "tiger:county": "Los Angeles, CA",
        "tiger:name_base": "57th",
        "tiger:name_direction_prefix": "W",
        "tiger:name_type": "St",
        "tiger:zip_left": "90062",
        "tiger:zip_right": "90062"
      },
      "geometry": {
        "type": "LineString",
        "coordinates": [
          [
            -118.3089437,
            33.9909779
          ],
          [
            -118.309069,
            33.9909778
          ],
          [
            -118.3091021,
            33.9909777
          ],
          [
            -118.3095698,
            33.9909731
          ],
          [
            -118.3101009,
            33.9909693
          ],
          [
            -118.3101696,
            33.9909698
          ],
          [
            -118.3102493,
            33.990971
          ],
          [
            -118.3107474,
            33.9909627
          ],
          [
            -118.3113006,
            33.9909612
          ],
          [
            -118.3113566,
            33.9909611
          ],
          [
            -118.311449,
            33.9909609
          ],
          [
            -118.3119842,
            33.9909595
          ]
        ]
      },
      "id": "way/13280413"
    },
    {
      "type": "Feature",
      "properties": {
        "@id": "way/13284694",
        "highway": "residential",
        "name": "Brynhurst Avenue",
        "surface": "asphalt",
        "tiger:cfcc": "A41",
        "tiger:county": "Los Angeles, CA",
        "tiger:name_base": "Brynhurst",
        "tiger:name_type": "Ave",
        "tiger:zip_left": "90043",
        "tiger:zip_right": "90043"
      },
      "geometry": {
        "type": "LineString",
        "coordinates": [
          [
            -118.3333182,
            33.9931004
          ],
          [
            -118.3333183,
            33.9923275
          ],
          [
            -118.3333383,
            33.990856
          ],
          [
            -118.3333383,
            33.9902806
          ],
          [
            -118.3333403,
            33.989621
          ],
          [
            -118.3333432,
            33.9891016
          ],
          [
            -118.3333378,
            33.9889875
          ]
        ]
      },
      "id": "way/13284694"
    },
    {
      "type": "Feature",
      "properties": {
        "@id": "way/13284990",
        "highway": "residential",
        "lanes": "2",
        "name": "West 37th Drive",
        "surface": "asphalt",
        "tiger:cfcc": "A41",
        "tiger:county": "Los Angeles, CA",
        "tiger:name_base": "37th",
        "tiger:name_direction_prefix": "W",
        "tiger:name_type": "Dr",
        "tiger:zip_left": "90018",
        "tiger:zip_right": "90018"
      },
      "geometry": {
        "type": "LineString",
        "coordinates": [
          [
            -118.3089053,
            34.0193479
          ],
          [
            -118.309036,
            34.0193479
          ],
          [
            -118.3090545,
            34.0193479
          ],
          [
            -118.3093712,
            34.0193479
          ],
          [
            -118.3101753,
            34.019348
          ],
          [
            -118.3105586,
            34.019348
          ],
          [
            -118.3118329,
            34.0193464
          ],
          [
            -118.3118965,
            34.0193482
          ]
        ]
      },
      "id": "way/13284990"
    },
    {
      "type": "Feature",
      "properties": {
        "@id": "way/13286736",
        "highway": "residential",
        "name": "Crestway Drive",
        "tiger:cfcc": "A41",
        "tiger:county": "Los Angeles, CA",
        "tiger:name_base": "Crestway",
        "tiger:name_type": "Dr",
        "tiger:zip_left": "90043",
        "tiger:zip_right": "90043"
      },
      "geometry": {
        "type": "LineString",
        "coordinates": [
          [
            -118.33898,
            33.9974079
          ],
          [
            -118.3390728,
            33.9974626
          ],
          [
            -118.3391754,
            33.9975945
          ],
          [
            -118.3391963,
            33.9976903
          ],
          [
            -118.3391908,
            33.9977749
          ],
          [
            -118.3391311,
            33.9979525
          ],
          [
            -118.3391226,
            33.998058
          ],
          [
            -118.3391554,
            33.9981534
          ],
          [
            -118.3392465,
            33.9982397
          ],
          [
            -118.339344,
            33.9982838
          ],
          [
            -118.3396664,
            33.9983063
          ],
          [
            -118.3397554,
            33.9983163
          ],
          [
            -118.3398178,
            33.9983353
          ],
          [
            -118.3400988,
            33.9984582
          ],
          [
            -118.3401802,
            33.9985202
          ],
          [
            -118.3403024,
            33.998673
          ],
          [
            -118.3404093,
            33.9987408
          ],
          [
            -118.3405494,
            33.9987832
          ],
          [
            -118.3407043,
            33.9987882
          ],
          [
            -118.3410651,
            33.998771
          ],
          [
            -118.3412513,
            33.998739
          ],
          [
            -118.3419174,
            33.9990488
          ],
          [
            -118.3420773,
            33.9990902
          ]
        ]
      },
      "id": "way/13286736"
    },
    {
      "type": "Feature",
      "properties": {
        "@id": "way/13296397",
        "highway": "residential",
        "name": "3rd Avenue",
        "tiger:cfcc": "A41",
        "tiger:county": "Los Angeles, CA",
        "tiger:name_base": "3rd",
        "tiger:name_type": "Ave",
        "tiger:separated": "no",
        "tiger:source": "tiger_import_dch_v0.6_20070809",
        "tiger:tlid": "141605719",
        "tiger:zip_left": "90018",
        "tiger:zip_right": "90018"
      },
      "geometry": {
        "type": "LineString",
        "coordinates": [
          [
            -118.320044,
            34.0296547
          ],
          [
            -118.3200456,
            34.0282196
          ]
        ]
      },
      "id": "way/13296397"
    },
    {
      "type": "Feature",
      "properties": {
        "@id": "way/13297581",
        "highway": "residential",
        "name": "Sutro Avenue",
        "surface": "asphalt",
        "tiger:cfcc": "A41",
        "tiger:county": "Los Angeles, CA",
        "tiger:name_base": "Sutro",
        "tiger:name_type": "Ave",
        "tiger:zip_left": "90008",
        "tiger:zip_right": "90008"
      },
      "geometry": {
        "type": "LineString",
        "coordinates": [
          [
            -118.3231714,
            34.0146126
          ],
          [
            -118.3231713,
            34.0140445
          ],
          [
            -118.3231719,
            34.0132074
          ],
          [
            -118.3231723,
            34.0125304
          ],
          [
            -118.3231729,
            34.0115632
          ],
          [
            -118.3231734,
            34.0114009
          ],
          [
            -118.323173,
            34.0112913
          ],
          [
            -118.323173,
            34.011255
          ],
          [
            -118.3231692,
            34.0109904
          ],
          [
            -118.3231708,
            34.0108884
          ]
        ]
      },
      "id": "way/13297581"
    },
    {
      "type": "Feature",
      "properties": {
        "@id": "way/13297586",
        "highway": "residential",
        "name": "Sutro Avenue",
        "tiger:cfcc": "A41",
        "tiger:county": "Los Angeles, CA",
        "tiger:name_base": "Sutro",
        "tiger:name_type": "Ave",
        "tiger:separated": "no",
        "tiger:source": "tiger_import_dch_v0.6_20070809",
        "tiger:tlid": "142665584",
        "tiger:zip_left": "90008",
        "tiger:zip_left_1": "90018",
        "tiger:zip_right": "90008",
        "tiger:zip_right_1": "90018"
      },
      "geometry": {
        "type": "LineString",
        "coordinates": [
          [
            -118.3232559,
            34.0186851
          ],
          [
            -118.3232418,
            34.0161385
          ]
        ]
      },
      "id": "way/13297586"
    },
    {
      "type": "Feature",
      "properties": {
        "@id": "way/13297992",
        "highway": "residential",
        "name": "Leighton Avenue",
        "tiger:cfcc": "A41",
        "tiger:county": "Los Angeles, CA",
        "tiger:name_base": "Leighton",
        "tiger:name_type": "Ave",
        "tiger:zip_left": "90062",
        "tiger:zip_right": "90062"
      },
      "geometry": {
        "type": "LineString",
        "coordinates": [
          [
            -118.3089266,
            34.0128065
          ],
          [
            -118.3090383,
            34.0128052
          ],
          [
            -118.309435,
            34.0128006
          ],
          [
            -118.3094952,
            34.0128008
          ],
          [
            -118.3110393,
            34.0128076
          ],
          [
            -118.3111016,
            34.0128079
          ],
          [
            -118.3111947,
            34.0128079
          ],
          [
            -118.3131641,
            34.0128068
          ],
          [
            -118.3131826,
            34.0128068
          ],
          [
            -118.3132553,
            34.0128067
          ],
          [
            -118.3133523,
            34.0128066
          ],
          [
            -118.3133661,
            34.0128066
          ],
          [
            -118.3151018,
            34.0128056
          ],
          [
            -118.3151748,
            34.0128056
          ],
          [
            -118.3152697,
            34.0128055
          ],
          [
            -118.3170254,
            34.0128045
          ],
          [
            -118.3171092,
            34.0128045
          ]
        ]
      },
      "id": "way/13297992"
    },
    {
      "type": "Feature",
      "properties": {
        "@id": "way/13298479",
        "highway": "residential",
        "name": "West 38th Place",
        "tiger:cfcc": "A41",
        "tiger:county": "Los Angeles, CA",
        "tiger:name_base": "38th",
        "tiger:name_direction_prefix": "W",
        "tiger:name_type": "Pl",
        "tiger:reviewed": "no",
        "tiger:zip_left": "90008",
        "tiger:zip_right": "90008"
      },
      "geometry": {
        "type": "LineString",
        "coordinates": [
          [
            -118.3224063,
            34.0161461
          ],
          [
            -118.3232418,
            34.0161385
          ],
          [
            -118.3235285,
            34.0161369
          ],
          [
            -118.3241495,
            34.0161334
          ]
        ]
      },
      "id": "way/13298479"
    },
    {
      "type": "Feature",
      "properties": {
        "@id": "way/13300309",
        "highway": "residential",
        "name": "Virginia Road",
        "tiger:cfcc": "A41",
        "tiger:county": "Los Angeles, CA",
        "tiger:name_base": "Virginia",
        "tiger:name_type": "Rd",
        "tiger:reviewed": "no",
        "tiger:zip_left": "90016",
        "tiger:zip_right": "90016"
      },
      "geometry": {
        "type": "LineString",
        "coordinates": [
          [
            -118.3392915,
            34.0230685
          ],
          [
            -118.3393059,
            34.0215852
          ],
          [
            -118.3393075,
            34.0214712
          ],
          [
            -118.3392837,
            34.0183212
          ],
          [
            -118.3392831,
            34.0182351
          ],
          [
            -118.3392845,
            34.0181389
          ],
          [
            -118.3392957,
            34.017443
          ],
          [
            -118.3393675,
            34.0170416
          ],
          [
            -118.3394885,
            34.0166401
          ],
          [
            -118.339738,
            34.0159729
          ],
          [
            -118.3397793,
            34.0158958
          ],
          [
            -118.3398166,
            34.0158207
          ],
          [
            -118.3400353,
            34.0154464
          ],
          [
            -118.3403516,
            34.0150111
          ],
          [
            -118.340773,
            34.0145521
          ],
          [
            -118.340825,
            34.0144955
          ]
        ]
      },
      "id": "way/13300309"
    },
    {
      "type": "Feature",
      "properties": {
        "@id": "way/13304575",
        "highway": "residential",
        "name": "South Van Ness Avenue",
        "oneway": "no",
        "surface": "asphalt",
        "tiger:cfcc": "A41",
        "tiger:county": "Los Angeles, CA",
        "tiger:name_base": "Van Ness",
        "tiger:name_direction_prefix": "S",
        "tiger:name_type": "Ave",
        "tiger:zip_left": "90062",
        "tiger:zip_right": "90062"
      },
      "geometry": {
        "type": "LineString",
        "coordinates": [
          [
            -118.3171013,
            34.0182774
          ],
          [
            -118.3171036,
            34.0182064
          ],
          [
            -118.3171078,
            34.0165217
          ],
          [
            -118.317108,
            34.0164465
          ],
          [
            -118.317108,
            34.0164057
          ],
          [
            -118.317108,
            34.0146794
          ],
          [
            -118.317108,
            34.0146163
          ],
          [
            -118.3171081,
            34.0145544
          ],
          [
            -118.3171089,
            34.0137236
          ],
          [
            -118.3171092,
            34.0128045
          ],
          [
            -118.3171095,
            34.0118589
          ],
          [
            -118.3171122,
            34.0113734
          ],
          [
            -118.3171128,
            34.0112802
          ],
          [
            -118.3171132,
            34.011206
          ],
          [
            -118.3171208,
            34.0109397
          ],
          [
            -118.3171236,
            34.0108407
          ],
          [
            -118.3171275,
            34.0107227
          ],
          [
            -118.3171264,
            34.0103469
          ],
          [
            -118.3171252,
            34.0098991
          ],
          [
            -118.3171251,
            34.0094633
          ],
          [
            -118.3171254,
            34.0090208
          ],
          [
            -118.317124,
            34.0089516
          ],
          [
            -118.3171162,
            34.0085766
          ],
          [
            -118.3171193,
            34.0082178
          ],
          [
            -118.3171201,
            34.008125
          ],
          [
            -118.3171305,
            34.0076919
          ],
          [
            -118.3171283,
            34.007249
          ],
          [
            -118.3171149,
            34.0067969
          ],
          [
            -118.3171167,
            34.006359
          ],
          [
            -118.3171236,
            34.0059233
          ],
          [
            -118.3171252,
            34.0054803
          ],
          [
            -118.3171217,
            34.0050316
          ],
          [
            -118.317125,
            34.0045938
          ],
          [
            -118.3171318,
            34.0041503
          ],
          [
            -118.3171255,
            34.0038012
          ],
          [
            -118.3171246,
            34.0037046
          ],
          [
            -118.3171237,
            34.0035999
          ],
          [
            -118.3171134,
            34.0000558
          ],
          [
            -118.317123,
            33.9992435
          ],
          [
            -118.3171274,
            33.9983627
          ],
          [
            -118.3171263,
            33.997479
          ],
          [
            -118.3171247,
            33.9965681
          ],
          [
            -118.3171264,
            33.9964124
          ],
          [
            -118.3171262,
            33.9957696
          ],
          [
            -118.3171416,
            33.9950437
          ],
          [
            -118.3171376,
            33.9937092
          ],
          [
            -118.3171356,
            33.9932253
          ]
        ]
      },
      "id": "way/13304575"
    },
    {
      "type": "Feature",
      "properties": {
        "@id": "way/13306063",
        "highway": "residential",
        "name": "South Gramercy Place",
        "tiger:cfcc": "A41",
        "tiger:name_base": "Gramercy",
        "tiger:name_direction_prefix": "S",
        "tiger:zip_right": "90062"
      },
      "geometry": {
        "type": "LineString",
        "coordinates": [
          [
            -118.3132736,
            34.018171
          ],
          [
            -118.3132723,
            34.0178147
          ],
          [
            -118.3132761,
            34.0174254
          ],
          [
            -118.3132766,
            34.0173698
          ],
          [
            -118.3132758,
            34.017297
          ],
          [
            -118.3132716,
            34.0169081
          ],
          [
            -118.3132709,
            34.016512
          ],
          [
            -118.3132708,
            34.0164482
          ],
          [
            -118.3132695,
            34.0163908
          ],
          [
            -118.3132608,
            34.0159977
          ],
          [
            -118.3132584,
            34.0155981
          ],
          [
            -118.3132581,
            34.0155398
          ],
          [
            -118.3132581,
            34.0154884
          ],
          [
            -118.3132577,
            34.0150856
          ],
          [
            -118.3132573,
            34.0146961
          ],
          [
            -118.3132572,
            34.0146187
          ],
          [
            -118.3132572,
            34.0145745
          ],
          [
            -118.3132563,
            34.0137911
          ],
          [
            -118.3132562,
            34.0137206
          ],
          [
            -118.3132561,
            34.0136558
          ],
          [
            -118.3132554,
            34.0128777
          ],
          [
            -118.3132553,
            34.0128067
          ],
          [
            -118.3132553,
            34.0127468
          ],
          [
            -118.3132549,
            34.0119345
          ],
          [
            -118.3132543,
            34.011869
          ],
          [
            -118.3132542,
            34.0117946
          ],
          [
            -118.3132538,
            34.0113749
          ],
          [
            -118.3132534,
            34.0109921
          ],
          [
            -118.3132549,
            34.0109651
          ],
          [
            -118.3132532,
            34.0108439
          ]
        ]
      },
      "id": "way/13306063"
    },
    {
      "type": "Feature",
      "properties": {
        "@id": "way/13307420",
        "highway": "residential",
        "name": "Crestwold Avenue",
        "tiger:cfcc": "A41",
        "tiger:county": "Los Angeles, CA",
        "tiger:name_base": "Crestwold",
        "tiger:name_type": "Ave",
        "tiger:reviewed": "no",
        "tiger:zip_left": "90043",
        "tiger:zip_right": "90043"
      },
      "geometry": {
        "type": "LineString",
        "coordinates": [
          [
            -118.3321826,
            33.9975098
          ],
          [
            -118.334496,
            33.9974967
          ],
          [
            -118.3345649,
            33.9974762
          ]
        ]
      },
      "id": "way/13307420"
    },
    {
      "type": "Feature",
      "properties": {
        "@id": "way/13307745",
        "highway": "residential",
        "name": "West 50th Street",
        "tiger:cfcc": "A41",
        "tiger:county": "Los Angeles, CA",
        "tiger:name_base": "50th",
        "tiger:name_direction_prefix": "W",
        "tiger:name_type": "St",
        "tiger:zip_left": "90043",
        "tiger:zip_right": "90043"
      },
      "geometry": {
        "type": "LineString",
        "coordinates": [
          [
            -118.3258012,
            33.9981719
          ],
          [
            -118.3269834,
            33.9981719
          ],
          [
            -118.3272092,
            33.9981719
          ],
          [
            -118.3279796,
            33.9981719
          ],
          [
            -118.3281755,
            33.9981719
          ],
          [
            -118.3288294,
            33.9981719
          ],
          [
            -118.3293846,
            33.9981719
          ]
        ]
      },
      "id": "way/13307745"
    },
    {
      "type": "Feature",
      "properties": {
        "@id": "way/13307747",
        "highway": "residential",
        "lanes": "2",
        "name": "West 50th Street",
        "surface": "asphalt",
        "tiger:cfcc": "A41",
        "tiger:county": "Los Angeles, CA",
        "tiger:name_base": "50th",
        "tiger:name_direction_prefix": "W",
        "tiger:name_type": "St",
        "tiger:zip_left": "90043",
        "tiger:zip_right": "90043"
      },
      "geometry": {
        "type": "LineString",
        "coordinates": [
          [
            -118.3293929,
            33.9977352
          ],
          [
            -118.3304913,
            33.9977453
          ],
          [
            -118.3305333,
            33.9977452
          ],
          [
            -118.3306533,
            33.9977448
          ]
        ]
      },
      "id": "way/13307747"
    },
    {
      "type": "Feature",
      "properties": {
        "@id": "way/13307750",
        "highway": "residential",
        "name": "West 50th Street",
        "tiger:cfcc": "A41",
        "tiger:county": "Los Angeles, CA",
        "tiger:name_base": "50th",
        "tiger:name_direction_prefix": "W",
        "tiger:name_type": "St",
        "tiger:separated": "no",
        "tiger:source": "tiger_import_dch_v0.6_20070809",
        "tiger:tlid": "141602829:141602831",
        "tiger:zip_left": "90043",
        "tiger:zip_right": "90043"
      },
      "geometry": {
        "type": "LineString",
        "coordinates": [
          [
            -118.32361,
            33.9977986
          ],
          [
            -118.3247137,
            33.9977948
          ],
          [
            -118.3258026,
            33.9977907
          ]
        ]
      },
      "id": "way/13307750"
    },
    {
      "type": "Feature",
      "properties": {
        "@id": "way/13308692",
        "highway": "residential",
        "name": "Coliseum Place",
        "tiger:cfcc": "A41",
        "tiger:county": "Los Angeles, CA",
        "tiger:name_base": "Coliseum",
        "tiger:name_type": "Pl",
        "tiger:zip_left": "90008",
        "tiger:zip_right": "90008"
      },
      "geometry": {
        "type": "LineString",
        "coordinates": [
          [
            -118.3348834,
            34.0164174
          ],
          [
            -118.3351077,
            34.0164213
          ]
        ]
      },
      "id": "way/13308692"
    },
    {
      "type": "Feature",
      "properties": {
        "@id": "way/13313849",
        "highway": "residential",
        "name": "2nd Avenue",
        "tiger:cfcc": "A41",
        "tiger:county": "Los Angeles, CA",
        "tiger:name_base": "2nd",
        "tiger:name_type": "Ave",
        "tiger:zip_left": "90018",
        "tiger:zip_right": "90018"
      },
      "geometry": {
        "type": "LineString",
        "coordinates": [
          [
            -118.3187492,
            34.0296538
          ],
          [
            -118.3187493,
            34.0292448
          ],
          [
            -118.3187506,
            34.0282205
          ]
        ]
      },
      "id": "way/13313849"
    },
    {
      "type": "Feature",
      "properties": {
        "@id": "way/13318238",
        "highway": "residential",
        "name": "10th Avenue",
        "tiger:cfcc": "A41",
        "tiger:county": "Los Angeles, CA",
        "tiger:name_base": "10th",
        "tiger:name_type": "Ave",
        "tiger:reviewed": "no",
        "tiger:zip_left": "90043",
        "tiger:zip_right": "90043"
      },
      "geometry": {
        "type": "LineString",
        "coordinates": [
          [
            -118.3281293,
            34.003659
          ],
          [
            -118.3281299,
            34.0035575
          ],
          [
            -118.3281338,
            34.003202
          ],
          [
            -118.3281311,
            34.0029471
          ],
          [
            -118.3281239,
            34.0018293
          ],
          [
            -118.328155,
            34.0000297
          ],
          [
            -118.3281574,
            33.9997451
          ],
          [
            -118.3281582,
            33.9996444
          ],
          [
            -118.3281755,
            33.9981719
          ]
        ]
      },
      "id": "way/13318238"
    },
    {
      "type": "Feature",
      "properties": {
        "@id": "way/13318252",
        "highway": "residential",
        "name": "10th Avenue",
        "tiger:cfcc": "A41",
        "tiger:county": "Los Angeles, CA",
        "tiger:name_base": "10th",
        "tiger:name_type": "Ave",
        "tiger:reviewed": "no",
        "tiger:zip_left": "90043",
        "tiger:zip_left_1": "90043",
        "tiger:zip_right": "90043"
      },
      "geometry": {
        "type": "LineString",
        "coordinates": [
          [
            -118.3281827,
            33.993142
          ],
          [
            -118.328188,
            33.9908803
          ],
          [
            -118.3282022,
            33.9891345
          ],
          [
            -118.3282018,
            33.9890275
          ]
        ]
      },
      "id": "way/13318252"
    },
    {
      "type": "Feature",
      "properties": {
        "@id": "way/13318259",
        "highway": "residential",
        "name": "10th Avenue",
        "tiger:cfcc": "A41",
        "tiger:county": "Los Angeles, CA",
        "tiger:name_base": "10th",
        "tiger:name_type": "Ave",
        "tiger:reviewed": "no",
        "tiger:zip_left": "90008",
        "tiger:zip_right": "90008"
      },
      "geometry": {
        "type": "LineString",
        "coordinates": [
          [
            -118.328783,
            34.00847
          ],
          [
            -118.3287831,
            34.0083864
          ],
          [
            -118.3287818,
            34.0079912
          ],
          [
            -118.3287782,
            34.0075662
          ],
          [
            -118.3286932,
            34.0074354
          ]
        ]
      },
      "id": "way/13318259"
    },
    {
      "type": "Feature",
      "properties": {
        "@id": "way/13318260",
        "highway": "residential",
        "name": "10th Avenue",
        "tiger:cfcc": "A41",
        "tiger:county": "Los Angeles, CA",
        "tiger:name_base": "10th",
        "tiger:name_type": "Ave",
        "tiger:reviewed": "no",
        "tiger:zip_left": "90008",
        "tiger:zip_right": "90008"
      },
      "geometry": {
        "type": "LineString",
        "coordinates": [
          [
            -118.3275467,
            34.0058058
          ],
          [
            -118.327548,
            34.0055099
          ],
          [
            -118.3275538,
            34.0044108
          ]
        ]
      },
      "id": "way/13318260"
    },
    {
      "type": "Feature",
      "properties": {
        "@id": "way/13319216",
        "highway": "residential",
        "name": "West 28th Street",
        "surface": "asphalt",
        "tiger:cfcc": "A41",
        "tiger:county": "Los Angeles, CA",
        "tiger:name_base": "28th",
        "tiger:name_direction_prefix": "W",
        "tiger:name_type": "St",
        "tiger:zip_left": "90018",
        "tiger:zip_right": "90018"
      },
      "geometry": {
        "type": "LineString",
        "coordinates": [
          [
            -118.30896,
            34.0299519
          ],
          [
            -118.3090883,
            34.0299496
          ],
          [
            -118.309215,
            34.0299473
          ],
          [
            -118.3100714,
            34.0299516
          ],
          [
            -118.312069,
            34.0299572
          ],
          [
            -118.315164,
            34.0299533
          ],
          [
            -118.3160121,
            34.0299455
          ],
          [
            -118.3169141,
            34.0299373
          ],
          [
            -118.3175694,
            34.0299313
          ],
          [
            -118.317682,
            34.0299303
          ]
        ]
      },
      "id": "way/13319216"
    },
    {
      "type": "Feature",
      "properties": {
        "@id": "way/13322719",
        "highway": "residential",
        "lane_markings": "no",
        "name": "Fairland Boulevard",
        "surface": "asphalt",
        "tiger:cfcc": "A41",
        "tiger:county": "Los Angeles, CA",
        "tiger:name_base": "Fairland",
        "tiger:name_type": "Blvd",
        "tiger:separated": "no",
        "tiger:source": "tiger_import_dch_v0.6_20070809",
        "tiger:tlid": "141602699",
        "tiger:zip_left": "90043",
        "tiger:zip_right": "90043"
      },
      "geometry": {
        "type": "LineString",
        "coordinates": [
          [
            -118.3358613,
            34.0014502
          ],
          [
            -118.3358681,
            34.0013263
          ],
          [
            -118.3359051,
            34.0011983
          ],
          [
            -118.3359963,
            34.0010485
          ],
          [
            -118.3365179,
            34.0004687
          ],
          [
            -118.336708,
            34.0003434
          ]
        ]
      },
      "id": "way/13322719"
    },
    {
      "type": "Feature",
      "properties": {
        "@id": "way/13324661",
        "highway": "residential",
        "name": "Olmsted Avenue",
        "surface": "asphalt",
        "tiger:cfcc": "A41",
        "tiger:county": "Los Angeles, CA",
        "tiger:name_base": "Olmsted",
        "tiger:name_type": "Ave",
        "tiger:zip_left": "90018",
        "tiger:zip_right": "90018"
      },
      "geometry": {
        "type": "LineString",
        "coordinates": [
          [
            -118.3281023,
            34.0198388
          ],
          [
            -118.3281023,
            34.0182565
          ],
          [
            -118.3281113,
            34.0146966
          ],
          [
            -118.3281116,
            34.0146095
          ],
          [
            -118.3281136,
            34.0145252
          ],
          [
            -118.3281268,
            34.0139715
          ],
          [
            -118.328108,
            34.0138327
          ],
          [
            -118.3281067,
            34.0136496
          ],
          [
            -118.3281018,
            34.0128242
          ],
          [
            -118.3280909,
            34.010903
          ]
        ]
      },
      "id": "way/13324661"
    },
    {
      "type": "Feature",
      "properties": {
        "@id": "way/13325339",
        "highway": "residential",
        "name": "Grayburn Avenue",
        "tiger:cfcc": "A41",
        "tiger:county": "Los Angeles, CA",
        "tiger:name_base": "Grayburn",
        "tiger:name_type": "Ave",
        "tiger:separated": "no",
        "tiger:source": "tiger_import_dch_v0.6_20070809",
        "tiger:tlid": "141602549",
        "tiger:zip_left": "90008",
        "tiger:zip_right": "90008"
      },
      "geometry": {
        "type": "LineString",
        "coordinates": [
          [
            -118.3319411,
            34.0207996
          ],
          [
            -118.3319587,
            34.0182392
          ],
          [
            -118.3319464,
            34.0153504
          ],
          [
            -118.3319047,
            34.0150915
          ],
          [
            -118.3318222,
            34.0148506
          ],
          [
            -118.3317051,
            34.0146073
          ],
          [
            -118.3314228,
            34.0141917
          ]
        ]
      },
      "id": "way/13325339"
    },
    {
      "type": "Feature",
      "properties": {
        "@id": "way/13330595",
        "highway": "residential",
        "name": "Floresta Way",
        "tiger:cfcc": "A41",
        "tiger:county": "Los Angeles, CA",
        "tiger:name_base": "Floresta",
        "tiger:name_type": "Way",
        "tiger:separated": "no",
        "tiger:source": "tiger_import_dch_v0.6_20070809",
        "tiger:tlid": "141602462:141602467:141602478",
        "tiger:upload_uuid": "bulk_upload.pl-e7a65206-5b4e-4f1c-be5b-f07c49e73831",
        "tiger:zip_left": "90043",
        "tiger:zip_right": "90043"
      },
      "geometry": {
        "type": "LineString",
        "coordinates": [
          [
            -118.338893,
            33.9969251
          ],
          [
            -118.3390049,
            33.9969529
          ],
          [
            -118.3391577,
            33.9969614
          ],
          [
            -118.3392801,
            33.9969311
          ],
          [
            -118.3402583,
            33.9968832
          ],
          [
            -118.3405709,
            33.9969186
          ],
          [
            -118.3408178,
            33.9970085
          ],
          [
            -118.3410542,
            33.9971904
          ],
          [
            -118.3414536,
            33.9975494
          ],
          [
            -118.3418388,
            33.9978462
          ],
          [
            -118.3420824,
            33.9980212
          ],
          [
            -118.3430456,
            33.9980226
          ]
        ]
      },
      "id": "way/13330595"
    },
    {
      "type": "Feature",
      "properties": {
        "@id": "way/13330914",
        "highway": "residential",
        "name": "Wellington Road",
        "tiger:cfcc": "A41",
        "tiger:county": "Los Angeles, CA",
        "tiger:name_base": "Wellington",
        "tiger:name_type": "Rd",
        "tiger:zip_left": "90016",
        "tiger:zip_right": "90016"
      },
      "geometry": {
        "type": "LineString",
        "coordinates": [
          [
            -118.3384048,
            34.0320558
          ],
          [
            -118.3383844,
            34.0311307
          ],
          [
            -118.3384112,
            34.0294494
          ],
          [
            -118.3384043,
            34.0276838
          ],
          [
            -118.3384045,
            34.0276133
          ],
          [
            -118.3384038,
            34.0275493
          ],
          [
            -118.3383982,
            34.0260471
          ],
          [
            -118.3384048,
            34.0257793
          ],
          [
            -118.3384099,
            34.0255726
          ],
          [
            -118.3384015,
            34.0250937
          ],
          [
            -118.338395,
            34.024034
          ],
          [
            -118.3383944,
            34.0237649
          ],
          [
            -118.3383931,
            34.0232078
          ]
        ]
      },
      "id": "way/13330914"
    },
    {
      "type": "Feature",
      "properties": {
        "@id": "way/13334079",
        "highway": "residential",
        "name": "Floresta Avenue",
        "tiger:cfcc": "A41",
        "tiger:county": "Los Angeles, CA",
        "tiger:name_base": "Floresta",
        "tiger:name_type": "Ave",
        "tiger:reviewed": "no",
        "tiger:zip_left": "90043",
        "tiger:zip_right": "90043"
      },
      "geometry": {
        "type": "LineString",
        "coordinates": [
          [
            -118.3321851,
            33.9967115
          ],
          [
            -118.3333078,
            33.9967092
          ],
          [
            -118.3344305,
            33.9967094
          ],
          [
            -118.3354655,
            33.9967073
          ],
          [
            -118.3355565,
            33.9967071
          ]
        ]
      },
      "id": "way/13334079"
    },
    {
      "type": "Feature",
      "properties": {
        "@id": "way/13335312",
        "highway": "residential",
        "lanes": "2",
        "name": "Ruthelen Street",
        "surface": "asphalt",
        "tiger:cfcc": "A41",
        "tiger:county": "Los Angeles, CA",
        "tiger:name_base": "Ruthelen",
        "tiger:name_type": "St",
        "tiger:zip_left": "90018",
        "tiger:zip_right": "90018"
      },
      "geometry": {
        "type": "LineString",
        "coordinates": [
          [
            -118.3128242,
            34.0218762
          ],
          [
            -118.3128243,
            34.0218155
          ],
          [
            -118.3128258,
            34.0203534
          ],
          [
            -118.3128259,
            34.0202852
          ],
          [
            -118.3128256,
            34.0202402
          ],
          [
            -118.3128153,
            34.018567
          ],
          [
            -118.3128158,
            34.0185085
          ]
        ]
      },
      "id": "way/13335312"
    },
    {
      "type": "Feature",
      "properties": {
        "@id": "way/13335315",
        "highway": "residential",
        "name": "Ruthelen Street",
        "oneway": "no",
        "tiger:cfcc": "A41",
        "tiger:county": "Los Angeles, CA",
        "tiger:name_base": "Ruthelen",
        "tiger:name_type": "St",
        "tiger:reviewed": "no",
        "tiger:zip_left": "90062",
        "tiger:zip_right": "90062"
      },
      "geometry": {
        "type": "LineString",
        "coordinates": [
          [
            -118.3126198,
            33.9964124
          ],
          [
            -118.3126076,
            33.9950515
          ],
          [
            -118.3126154,
            33.9937216
          ],
          [
            -118.3126145,
            33.9936646
          ],
          [
            -118.3126094,
            33.9933302
          ],
          [
            -118.3126079,
            33.9932353
          ],
          [
            -118.3126074,
            33.9931564
          ],
          [
            -118.3126047,
            33.9927597
          ],
          [
            -118.3126049,
            33.9924239
          ],
          [
            -118.3126051,
            33.9921379
          ],
          [
            -118.3126058,
            33.9920263
          ],
          [
            -118.3126085,
            33.9910368
          ],
          [
            -118.3126086,
            33.9910117
          ],
          [
            -118.3126087,
            33.9909579
          ],
          [
            -118.3126086,
            33.990905
          ],
          [
            -118.3126086,
            33.9908927
          ],
          [
            -118.3126063,
            33.9896055
          ]
        ]
      },
      "id": "way/13335315"
    },
    {
      "type": "Feature",
      "properties": {
        "@id": "way/13339107",
        "highway": "residential",
        "name": "West 43rd Place",
        "tiger:cfcc": "A41",
        "tiger:county": "Los Angeles, CA",
        "tiger:name_base": "43rd",
        "tiger:name_direction_prefix": "W",
        "tiger:name_type": "Pl",
        "tiger:zip_left": "90008",
        "tiger:zip_right": "90008"
      },
      "geometry": {
        "type": "LineString",
        "coordinates": [
          [
            -118.3214052,
            34.004437
          ],
          [
            -118.3222366,
            34.0044335
          ],
          [
            -118.3235749,
            34.0044278
          ],
          [
            -118.3248026,
            34.0044225
          ],
          [
            -118.3256717,
            34.0044188
          ],
          [
            -118.3258473,
            34.0044181
          ],
          [
            -118.326691,
            34.0044145
          ],
          [
            -118.3275538,
            34.0044108
          ],
          [
            -118.3275932,
            34.0044107
          ],
          [
            -118.3288555,
            34.0044053
          ]
        ]
      },
      "id": "way/13339107"
    },
    {
      "type": "Feature",
      "properties": {
        "@id": "way/13339114",
        "highway": "residential",
        "name": "West 43rd Place",
        "tiger:cfcc": "A41",
        "tiger:county": "Los Angeles, CA",
        "tiger:name_base": "43rd",
        "tiger:name_direction_prefix": "W",
        "tiger:name_type": "Pl",
        "tiger:zip_left": "90062",
        "tiger:zip_right": "90062"
      },
      "geometry": {
        "type": "LineString",
        "coordinates": [
          [
            -118.3089321,
            34.0046101
          ],
          [
            -118.3093755,
            34.0046141
          ],
          [
            -118.3095124,
            34.0046159
          ],
          [
            -118.3113481,
            34.00461
          ],
          [
            -118.3137435,
            34.0046037
          ],
          [
            -118.3138326,
            34.0046036
          ],
          [
            -118.3139448,
            34.0046033
          ],
          [
            -118.317125,
            34.0045938
          ]
        ]
      },
      "id": "way/13339114"
    },
    {
      "type": "Feature",
      "properties": {
        "@id": "way/13345106",
        "highway": "residential",
        "name": "Welland Avenue",
        "surface": "asphalt",
        "tiger:cfcc": "A41",
        "tiger:county": "Los Angeles, CA",
        "tiger:name_base": "Welland",
        "tiger:name_type": "Ave",
        "tiger:zip_left": "90008",
        "tiger:zip_left_1": "90018",
        "tiger:zip_right": "90008",
        "tiger:zip_right_1": "90018"
      },
      "geometry": {
        "type": "LineString",
        "coordinates": [
          [
            -118.326111,
            34.0186294
          ],
          [
            -118.3261063,
            34.0177683
          ],
          [
            -118.3261025,
            34.0170769
          ],
          [
            -118.3260966,
            34.0159898
          ],
          [
            -118.326093,
            34.0153228
          ],
          [
            -118.3260896,
            34.0146108
          ],
          [
            -118.3260882,
            34.0136398
          ],
          [
            -118.3260876,
            34.0128105
          ],
          [
            -118.326086,
            34.0108888
          ]
        ]
      },
      "id": "way/13345106"
    },
    {
      "type": "Feature",
      "properties": {
        "@id": "way/13350687",
        "highway": "residential",
        "name": "South Saint Andrews Place",
        "surface": "asphalt",
        "tiger:name_base": "St Andrews",
        "tiger:name_direction_prefix": "S",
        "tiger:name_type": "Pl"
      },
      "geometry": {
        "type": "LineString",
        "coordinates": [
          [
            -118.31207,
            34.0308719
          ],
          [
            -118.312069,
            34.0299572
          ]
        ]
      },
      "id": "way/13350687"
    },
    {
      "type": "Feature",
      "properties": {
        "@id": "way/13350696",
        "highway": "residential",
        "name": "South Saint Andrews Place",
        "tiger:name_base": "St Andrews",
        "tiger:name_direction_prefix": "S",
        "tiger:name_type": "Pl"
      },
      "geometry": {
        "type": "LineString",
        "coordinates": [
          [
            -118.3113328,
            34.0108481
          ],
          [
            -118.311335,
            34.0107393
          ],
          [
            -118.3113425,
            34.0103593
          ],
          [
            -118.3113453,
            34.0099182
          ],
          [
            -118.3113447,
            34.0094785
          ],
          [
            -118.311338,
            34.0090351
          ],
          [
            -118.3113378,
            34.0089671
          ],
          [
            -118.311337,
            34.008589
          ],
          [
            -118.3113362,
            34.0082328
          ],
          [
            -118.311336,
            34.0081529
          ],
          [
            -118.3113402,
            34.0077086
          ],
          [
            -118.3113442,
            34.0072737
          ],
          [
            -118.3113426,
            34.0068303
          ],
          [
            -118.311341,
            34.0063817
          ],
          [
            -118.3113443,
            34.005932
          ],
          [
            -118.3113474,
            34.0054944
          ],
          [
            -118.3113459,
            34.0050515
          ],
          [
            -118.3113481,
            34.00461
          ],
          [
            -118.3113408,
            34.0041643
          ],
          [
            -118.3113413,
            34.003713
          ],
          [
            -118.3113413,
            34.0032403
          ],
          [
            -118.3113468,
            34.0028012
          ],
          [
            -118.3113453,
            34.0023492
          ],
          [
            -118.3113498,
            34.0018978
          ],
          [
            -118.3113514,
            34.0014508
          ],
          [
            -118.3113474,
            34.0010329
          ],
          [
            -118.3113475,
            34.0010085
          ],
          [
            -118.311349,
            34.0005516
          ],
          [
            -118.3113457,
            34.0000731
          ],
          [
            -118.3113463,
            33.9995291
          ],
          [
            -118.3113469,
            33.9990287
          ],
          [
            -118.3113475,
            33.9984951
          ],
          [
            -118.3113481,
            33.9979982
          ],
          [
            -118.3113488,
            33.9974706
          ],
          [
            -118.3113494,
            33.9969749
          ],
          [
            -118.31135,
            33.9964173
          ],
          [
            -118.3113516,
            33.9950536
          ],
          [
            -118.3113532,
            33.9937262
          ],
          [
            -118.3113538,
            33.9932392
          ],
          [
            -118.3113562,
            33.9927575
          ],
          [
            -118.3113566,
            33.99102
          ],
          [
            -118.3113566,
            33.9909611
          ],
          [
            -118.3113568,
            33.9909138
          ],
          [
            -118.3113636,
            33.9896303
          ],
          [
            -118.3113637,
            33.9896157
          ],
          [
            -118.3113676,
            33.9891367
          ]
        ]
      },
      "id": "way/13350696"
    },
    {
      "type": "Feature",
      "properties": {
        "@id": "way/13350701",
        "highway": "residential",
        "name": "South Saint Andrews Place",
        "tiger:name_base": "St Andrews",
        "tiger:name_direction_prefix": "S",
        "tiger:name_type": "Pl"
      },
      "geometry": {
        "type": "LineString",
        "coordinates": [
          [
            -118.311108,
            34.01462
          ],
          [
            -118.3111076,
            34.0145665
          ],
          [
            -118.3111022,
            34.0137801
          ],
          [
            -118.3111018,
            34.013719
          ],
          [
            -118.3111018,
            34.0136613
          ],
          [
            -118.3111016,
            34.0128631
          ],
          [
            -118.3111016,
            34.0128079
          ],
          [
            -118.3111018,
            34.0127426
          ],
          [
            -118.3111046,
            34.0119446
          ],
          [
            -118.3111049,
            34.0118745
          ],
          [
            -118.3111045,
            34.0118028
          ],
          [
            -118.3111021,
            34.0113838
          ],
          [
            -118.3110997,
            34.0109635
          ],
          [
            -118.3110991,
            34.0108483
          ]
        ]
      },
      "id": "way/13350701"
    },
    {
      "type": "Feature",
      "properties": {
        "@id": "way/13361517",
        "highway": "residential",
        "name": "Westmount Avenue",
        "tiger:cfcc": "A41",
        "tiger:county": "Los Angeles, CA",
        "tiger:name_base": "Westmount",
        "tiger:name_type": "Ave",
        "tiger:zip_left": "90043",
        "tiger:zip_right": "90043"
      },
      "geometry": {
        "type": "LineString",
        "coordinates": [
          [
            -118.3309415,
            33.9983413
          ],
          [
            -118.331063,
            33.9983385
          ],
          [
            -118.3310851,
            33.9983379
          ],
          [
            -118.331129,
            33.9983369
          ],
          [
            -118.3312089,
            33.9983362
          ],
          [
            -118.3319666,
            33.9983294
          ],
          [
            -118.331984,
            33.9983293
          ],
          [
            -118.3320361,
            33.9983288
          ],
          [
            -118.3321316,
            33.9983285
          ],
          [
            -118.3350995,
            33.9983205
          ]
        ]
      },
      "id": "way/13361517"
    },
    {
      "type": "Feature",
      "properties": {
        "@id": "way/13361639",
        "highway": "residential",
        "name": "West 41st Street",
        "tiger:cfcc": "A41",
        "tiger:county": "Los Angeles, CA",
        "tiger:name_base": "41st",
        "tiger:name_direction_prefix": "W",
        "tiger:name_type": "St",
        "tiger:zip_left": "90062",
        "tiger:zip_right": "90062"
      },
      "geometry": {
        "type": "LineString",
        "coordinates": [
          [
            -118.308926,
            34.0099464
          ],
          [
            -118.3090299,
            34.0099455
          ],
          [
            -118.3095238,
            34.0099414
          ],
          [
            -118.309668,
            34.0099396
          ],
          [
            -118.3098728,
            34.0099369
          ],
          [
            -118.3099941,
            34.0099354
          ],
          [
            -118.3113453,
            34.0099182
          ],
          [
            -118.3138369,
            34.0099158
          ],
          [
            -118.3149471,
            34.0099099
          ],
          [
            -118.3170487,
            34.0098964
          ],
          [
            -118.3171252,
            34.0098991
          ]
        ]
      },
      "id": "way/13361639"
    },
    {
      "type": "Feature",
      "properties": {
        "@id": "way/13361642",
        "highway": "residential",
        "name": "West 41st Street",
        "tiger:cfcc": "A41",
        "tiger:county": "Los Angeles, CA",
        "tiger:name_base": "41st",
        "tiger:name_direction_prefix": "W",
        "tiger:name_type": "St",
        "tiger:reviewed": "no",
        "tiger:zip_left": "90008",
        "tiger:zip_right": "90008"
      },
      "geometry": {
        "type": "LineString",
        "coordinates": [
          [
            -118.3295801,
            34.0100444
          ],
          [
            -118.3304511,
            34.0100494
          ],
          [
            -118.3309131,
            34.010052
          ],
          [
            -118.3313735,
            34.0100546
          ],
          [
            -118.3314812,
            34.0100553
          ],
          [
            -118.3319591,
            34.010058
          ],
          [
            -118.3324055,
            34.0100605
          ],
          [
            -118.3332638,
            34.0100655
          ],
          [
            -118.3341167,
            34.0100702
          ]
        ]
      },
      "id": "way/13361642"
    },
    {
      "type": "Feature",
      "properties": {
        "@id": "way/13362258",
        "highway": "residential",
        "name": "South Bronson Avenue",
        "tiger:cfcc": "A41",
        "tiger:county": "Los Angeles, CA",
        "tiger:name_base": "Bronson",
        "tiger:name_direction_prefix": "S",
        "tiger:name_type": "Ave",
        "tiger:reviewed": "no",
        "tiger:zip_left": "90008",
        "tiger:zip_right": "90008"
      },
      "geometry": {
        "type": "LineString",
        "coordinates": [
          [
            -118.3332638,
            34.0100655
          ],
          [
            -118.3332654,
            34.0088845
          ],
          [
            -118.3332722,
            34.008504
          ],
          [
            -118.3332727,
            34.0084093
          ],
          [
            -118.3332795,
            34.0080183
          ],
          [
            -118.3333372,
            34.0063762
          ]
        ]
      },
      "id": "way/13362258"
    },
    {
      "type": "Feature",
      "properties": {
        "@id": "way/13362269",
        "highway": "residential",
        "maxspeed": "30 mph",
        "name": "West 39th Place",
        "tiger:cfcc": "A41",
        "tiger:county": "Los Angeles, CA",
        "tiger:name_base": "39th",
        "tiger:name_direction_prefix": "W",
        "tiger:name_type": "Pl",
        "tiger:zip_left": "90062",
        "tiger:zip_right": "90062"
      },
      "geometry": {
        "type": "LineString",
        "coordinates": [
          [
            -118.3089303,
            34.0137173
          ],
          [
            -118.3090513,
            34.0137174
          ],
          [
            -118.3091848,
            34.0137175
          ],
          [
            -118.3093238,
            34.0137176
          ],
          [
            -118.3094257,
            34.0137177
          ],
          [
            -118.3110289,
            34.0137189
          ],
          [
            -118.3111018,
            34.013719
          ],
          [
            -118.3111902,
            34.0137191
          ],
          [
            -118.3131685,
            34.0137205
          ],
          [
            -118.3131819,
            34.0137205
          ],
          [
            -118.3132562,
            34.0137206
          ],
          [
            -118.3133532,
            34.0137207
          ],
          [
            -118.3133766,
            34.0137207
          ],
          [
            -118.3151012,
            34.013722
          ],
          [
            -118.315169,
            34.0137221
          ],
          [
            -118.3152736,
            34.0137222
          ],
          [
            -118.3170282,
            34.0137235
          ],
          [
            -118.3171089,
            34.0137236
          ]
        ]
      },
      "id": "way/13362269"
    },
    {
      "type": "Feature",
      "properties": {
        "@id": "way/13364992",
        "highway": "residential",
        "name": "7th Avenue",
        "tiger:cfcc": "A41",
        "tiger:county": "Los Angeles, CA",
        "tiger:name_base": "7th",
        "tiger:name_type": "Ave",
        "tiger:reviewed": "no",
        "tiger:zip_left": "90008",
        "tiger:zip_right": "90008"
      },
      "geometry": {
        "type": "LineString",
        "coordinates": [
          [
            -118.3247839,
            34.0073468
          ],
          [
            -118.324785,
            34.0072018
          ],
          [
            -118.3247879,
            34.006753
          ],
          [
            -118.3247959,
            34.005515
          ],
          [
            -118.3248026,
            34.0044225
          ]
        ]
      },
      "id": "way/13364992"
    },
    {
      "type": "Feature",
      "properties": {
        "@id": "way/13365011",
        "highway": "residential",
        "name": "7th Avenue",
        "tiger:cfcc": "A41",
        "tiger:county": "Los Angeles, CA",
        "tiger:name_base": "7th",
        "tiger:name_type": "Ave",
        "tiger:reviewed": "no",
        "tiger:zip_left": "90043",
        "tiger:zip_right": "90043"
      },
      "geometry": {
        "type": "LineString",
        "coordinates": [
          [
            -118.3246746,
            34.0036703
          ],
          [
            -118.3246749,
            34.0035704
          ],
          [
            -118.3246788,
            34.0032139
          ],
          [
            -118.3246912,
            34.0018532
          ],
          [
            -118.3247036,
            34.0000426
          ],
          [
            -118.3247137,
            33.9977948
          ],
          [
            -118.324715,
            33.9950129
          ],
          [
            -118.3247331,
            33.9931654
          ],
          [
            -118.324752,
            33.9909044
          ],
          [
            -118.3247412,
            33.9900046
          ],
          [
            -118.3247317,
            33.9891655
          ],
          [
            -118.3247306,
            33.9890647
          ]
        ]
      },
      "id": "way/13365011"
    },
    {
      "type": "Feature",
      "properties": {
        "@id": "way/13365356",
        "highway": "residential",
        "lane_markings": "no",
        "lanes": "2",
        "lit": "yes",
        "name": "Addington Way",
        "sidewalk": "both",
        "surface": "asphalt",
        "tiger:cfcc": "A41",
        "tiger:county": "Los Angeles, CA",
        "tiger:name_base": "Addington",
        "tiger:name_type": "Way",
        "tiger:reviewed": "no",
        "tiger:zip_left": "90043",
        "tiger:zip_right": "90043"
      },
      "geometry": {
        "type": "LineString",
        "coordinates": [
          [
            -118.3399377,
            34.0004105
          ],
          [
            -118.3399556,
            34.0003453
          ],
          [
            -118.3400292,
            34.0000621
          ],
          [
            -118.3401299,
            33.9997786
          ],
          [
            -118.3401462,
            33.999731
          ]
        ]
      },
      "id": "way/13365356"
    },
    {
      "type": "Feature",
      "properties": {
        "@id": "way/13367579",
        "access": "private",
        "highway": "residential",
        "name": "West Concordia Walk",
        "tiger:cfcc": "A41",
        "tiger:county": "Los Angeles, CA",
        "tiger:name_base": "Concordia",
        "tiger:name_direction_prefix": "W",
        "tiger:name_type": "Walk",
        "tiger:zip_left": "90062",
        "tiger:zip_right": "90062"
      },
      "geometry": {
        "type": "LineString",
        "coordinates": [
          [
            -118.3127095,
            33.9920257
          ],
          [
            -118.3132342,
            33.9920206
          ],
          [
            -118.3137458,
            33.9920219
          ]
        ]
      },
      "id": "way/13367579"
    },
    {
      "type": "Feature",
      "properties": {
        "@id": "way/13369414",
        "highway": "residential",
        "name": "9th Avenue",
        "tiger:cfcc": "A41",
        "tiger:county": "Los Angeles, CA",
        "tiger:name_base": "9th",
        "tiger:name_type": "Ave",
        "tiger:reviewed": "no",
        "tiger:zip_left": "90008",
        "tiger:zip_right": "90008"
      },
      "geometry": {
        "type": "LineString",
        "coordinates": [
          [
            -118.3267042,
            34.0064962
          ],
          [
            -118.3266983,
            34.0055054
          ],
          [
            -118.326691,
            34.0044145
          ]
        ]
      },
      "id": "way/13369414"
    },
    {
      "type": "Feature",
      "properties": {
        "@id": "way/13369417",
        "highway": "residential",
        "name": "9th Avenue",
        "surface": "asphalt",
        "tiger:cfcc": "A41",
        "tiger:county": "Los Angeles, CA",
        "tiger:name_base": "9th",
        "tiger:name_type": "Ave",
        "tiger:reviewed": "no",
        "tiger:zip_left": "90043",
        "tiger:zip_right": "90043"
      },
      "geometry": {
        "type": "LineString",
        "coordinates": [
          [
            -118.3268955,
            34.003663
          ],
          [
            -118.3268966,
            34.0035611
          ],
          [
            -118.3269024,
            34.0032062
          ],
          [
            -118.3269228,
            34.0018429
          ],
          [
            -118.3269395,
            34.0003096
          ],
          [
            -118.3269524,
            34.000034
          ],
          [
            -118.3269834,
            33.9981719
          ]
        ]
      },
      "id": "way/13369417"
    },
    {
      "type": "Feature",
      "properties": {
        "@id": "way/13369423",
        "highway": "residential",
        "maxweight:hgv": "6000 lbs",
        "name": "9th Avenue",
        "tiger:cfcc": "A41",
        "tiger:county": "Los Angeles, CA",
        "tiger:name_base": "9th",
        "tiger:name_type": "Ave"
      },
      "geometry": {
        "type": "LineString",
        "coordinates": [
          [
            -118.3271684,
            34.0296507
          ],
          [
            -118.3271679,
            34.0292043
          ],
          [
            -118.327166,
            34.0277245
          ],
          [
            -118.3271663,
            34.0276505
          ],
          [
            -118.3271658,
            34.0275747
          ],
          [
            -118.3271613,
            34.0260792
          ],
          [
            -118.3271511,
            34.0257162
          ],
          [
            -118.3271489,
            34.0256028
          ],
          [
            -118.3271499,
            34.025506
          ],
          [
            -118.3271573,
            34.0251445
          ],
          [
            -118.327142,
            34.022938
          ],
          [
            -118.3271605,
            34.021425
          ],
          [
            -118.3271631,
            34.0211895
          ],
          [
            -118.3271636,
            34.0211478
          ],
          [
            -118.327165,
            34.0210394
          ]
        ]
      },
      "id": "way/13369423"
    },
    {
      "type": "Feature",
      "properties": {
        "@id": "way/13369424",
        "highway": "residential",
        "name": "9th Avenue",
        "tiger:cfcc": "A41",
        "tiger:county": "Los Angeles, CA",
        "tiger:name_base": "9th",
        "tiger:name_type": "Ave",
        "tiger:reviewed": "no",
        "tiger:separated": "no",
        "tiger:source": "tiger_import_dch_v0.6_20070809",
        "tiger:tlid": "141655033:141655039:141655043",
        "tiger:zip_left": "90043",
        "tiger:zip_right": "90043"
      },
      "geometry": {
        "type": "LineString",
        "coordinates": [
          [
            -118.326955,
            33.994986
          ],
          [
            -118.3269662,
            33.9931529
          ],
          [
            -118.3269651,
            33.9908889
          ],
          [
            -118.3269748,
            33.989151
          ],
          [
            -118.3269754,
            33.9890472
          ]
        ]
      },
      "id": "way/13369424"
    },
    {
      "type": "Feature",
      "properties": {
        "@id": "way/13377317",
        "highway": "residential",
        "name": "4th Avenue",
        "tiger:cfcc": "A41",
        "tiger:county": "Los Angeles, CA",
        "tiger:name_base": "4th",
        "tiger:name_type": "Ave",
        "tiger:separated": "no",
        "tiger:source": "tiger_import_dch_v0.6_20070809",
        "tiger:tlid": "141606161:141606170",
        "tiger:zip_left": "90018",
        "tiger:zip_right": "90018"
      },
      "geometry": {
        "type": "LineString",
        "coordinates": [
          [
            -118.3213355,
            34.0194671
          ],
          [
            -118.3213429,
            34.0190904
          ],
          [
            -118.3213362,
            34.0182766
          ]
        ]
      },
      "id": "way/13377317"
    },
    {
      "type": "Feature",
      "properties": {
        "@id": "way/13379057",
        "highway": "residential",
        "name": "South Manhattan Place",
        "tiger:cfcc": "A41",
        "tiger:county": "Los Angeles, CA",
        "tiger:name_base": "Manhattan",
        "tiger:name_direction_prefix": "S",
        "tiger:name_type": "Pl",
        "tiger:reviewed": "no",
        "tiger:separated": "no",
        "tiger:source": "tiger_import_dch_v0.6_20070809",
        "tiger:tlid": "141658168:141658170",
        "tiger:zip_left": "90062",
        "tiger:zip_right": "90062"
      },
      "geometry": {
        "type": "LineString",
        "coordinates": [
          [
            -118.3101557,
            33.996422
          ],
          [
            -118.3101671,
            33.9950557
          ],
          [
            -118.3101412,
            33.9937312
          ],
          [
            -118.3101316,
            33.9932421
          ]
        ]
      },
      "id": "way/13379057"
    },
    {
      "type": "Feature",
      "properties": {
        "@id": "way/13381747",
        "highway": "residential",
        "name": "Stocker Street",
        "tiger:cfcc": "A41",
        "tiger:county": "Los Angeles, CA",
        "tiger:name_base": "Stocker",
        "tiger:name_type": "St",
        "tiger:reviewed": "no",
        "tiger:zip_left": "90008",
        "tiger:zip_right": "90008"
      },
      "geometry": {
        "type": "LineString",
        "coordinates": [
          [
            -118.3260371,
            34.0070965
          ],
          [
            -118.3263873,
            34.0073696
          ],
          [
            -118.3267803,
            34.0076831
          ]
        ]
      },
      "id": "way/13381747"
    },
    {
      "type": "Feature",
      "properties": {
        "@id": "way/13383671",
        "highway": "residential",
        "name": "West 42nd Street",
        "tiger:cfcc": "A41",
        "tiger:county": "Los Angeles, CA",
        "tiger:name_base": "42nd",
        "tiger:name_direction_prefix": "W",
        "tiger:name_type": "St",
        "tiger:zip_left": "90008",
        "tiger:zip_right": "90008"
      },
      "geometry": {
        "type": "LineString",
        "coordinates": [
          [
            -118.3089257,
            34.0072788
          ],
          [
            -118.3095211,
            34.0072775
          ],
          [
            -118.3113442,
            34.0072737
          ],
          [
            -118.3138272,
            34.0072555
          ],
          [
            -118.3143505,
            34.0072538
          ],
          [
            -118.3153577,
            34.0072506
          ],
          [
            -118.3163863,
            34.0072473
          ],
          [
            -118.3171283,
            34.007249
          ],
          [
            -118.3176369,
            34.0072473
          ],
          [
            -118.3182369,
            34.0072497
          ],
          [
            -118.3192921,
            34.007255
          ],
          [
            -118.3203621,
            34.0072381
          ],
          [
            -118.321406,
            34.0072147
          ]
        ]
      },
      "id": "way/13383671"
    },
    {
      "type": "Feature",
      "properties": {
        "@id": "way/13392478",
        "highway": "residential",
        "name": "5th Avenue",
        "tiger:cfcc": "A41",
        "tiger:county": "Los Angeles, CA",
        "tiger:name_base": "5th",
        "tiger:name_type": "Ave",
        "tiger:reviewed": "no",
        "tiger:zip_left": "90008",
        "tiger:zip_right": "90008"
      },
      "geometry": {
        "type": "LineString",
        "coordinates": [
          [
            -118.3222484,
            34.0106739
          ],
          [
            -118.322247,
            34.0105881
          ],
          [
            -118.3222429,
            34.0102541
          ],
          [
            -118.322238,
            34.0073738
          ],
          [
            -118.3222377,
            34.0072074
          ]
        ]
      },
      "id": "way/13392478"
    },
    {
      "type": "Feature",
      "properties": {
        "@id": "way/13392479",
        "highway": "residential",
        "name": "5th Avenue",
        "tiger:cfcc": "A41",
        "tiger:county": "Los Angeles, CA",
        "tiger:name_base": "5th",
        "tiger:name_type": "Ave",
        "tiger:zip_left": "90018",
        "tiger:zip_right": "90018"
      },
      "geometry": {
        "type": "LineString",
        "coordinates": [
          [
            -118.3224208,
            34.0311034
          ],
          [
            -118.3224049,
            34.0306237
          ],
          [
            -118.3224135,
            34.0301236
          ],
          [
            -118.3223963,
            34.02966
          ]
        ]
      },
      "id": "way/13392479"
    },
    {
      "type": "Feature",
      "properties": {
        "@id": "way/13392481",
        "highway": "residential",
        "name": "5th Avenue",
        "tiger:cfcc": "A41",
        "tiger:county": "Los Angeles, CA",
        "tiger:name_base": "5th",
        "tiger:name_type": "Ave",
        "tiger:reviewed": "no",
        "tiger:separated": "no",
        "tiger:source": "tiger_import_dch_v0.6_20070809",
        "tiger:tlid": "141606352",
        "tiger:zip_left": "90008",
        "tiger:zip_right": "90008"
      },
      "geometry": {
        "type": "LineString",
        "coordinates": [
          [
            -118.3222357,
            34.0054768
          ],
          [
            -118.3222366,
            34.0044335
          ]
        ]
      },
      "id": "way/13392481"
    },
    {
      "type": "Feature",
      "properties": {
        "@id": "way/13392502",
        "highway": "residential",
        "name": "5th Avenue",
        "surface": "asphalt",
        "tiger:cfcc": "A41",
        "tiger:county": "Los Angeles, CA",
        "tiger:name_base": "5th",
        "tiger:name_type": "Ave",
        "tiger:reviewed": "no",
        "tiger:zip_left": "90043",
        "tiger:zip_left_1": "90043",
        "tiger:zip_right": "90043"
      },
      "geometry": {
        "type": "LineString",
        "coordinates": [
          [
            -118.322537,
            33.993181
          ],
          [
            -118.3225396,
            33.9927938
          ],
          [
            -118.322541,
            33.992373
          ],
          [
            -118.3225446,
            33.9916236
          ],
          [
            -118.3225484,
            33.9909198
          ],
          [
            -118.3225546,
            33.9890766
          ],
          [
            -118.3225567,
            33.9887386
          ],
          [
            -118.3225656,
            33.9872632
          ],
          [
            -118.3225741,
            33.985448
          ],
          [
            -118.3225825,
            33.983653
          ],
          [
            -118.3225924,
            33.9817314
          ]
        ]
      },
      "id": "way/13392502"
    },
    {
      "type": "Feature",
      "properties": {
        "@id": "way/13396118",
        "highway": "residential",
        "name": "Homeway Drive",
        "tiger:cfcc": "A41",
        "tiger:county": "Los Angeles, CA",
        "tiger:name_base": "Homeway",
        "tiger:name_type": "Dr",
        "tiger:zip_left": "90008",
        "tiger:zip_right": "90008"
      },
      "geometry": {
        "type": "LineString",
        "coordinates": [
          [
            -118.3373766,
            34.00367
          ],
          [
            -118.3374253,
            34.003925
          ],
          [
            -118.3374647,
            34.0040189
          ],
          [
            -118.3375255,
            34.0040891
          ],
          [
            -118.3376092,
            34.0041397
          ],
          [
            -118.3377167,
            34.0041702
          ],
          [
            -118.3387046,
            34.0043034
          ],
          [
            -118.3394175,
            34.0044799
          ],
          [
            -118.3395484,
            34.0045331
          ]
        ]
      },
      "id": "way/13396118"
    },
    {
      "type": "Feature",
      "properties": {
        "@id": "way/13401402",
        "highway": "residential",
        "name": "11th Avenue",
        "tiger:cfcc": "A41",
        "tiger:county": "Los Angeles, CA",
        "tiger:name_base": "11th",
        "tiger:name_type": "Ave",
        "tiger:zip_left": "90008",
        "tiger:zip_right": "90008"
      },
      "geometry": {
        "type": "LineString",
        "coordinates": [
          [
            -118.329519,
            34.0109131
          ],
          [
            -118.3295265,
            34.0104109
          ],
          [
            -118.3295289,
            34.0102501
          ],
          [
            -118.3295801,
            34.0100444
          ],
          [
            -118.3295812,
            34.009976
          ],
          [
            -118.3295998,
            34.0088613
          ],
          [
            -118.3296017,
            34.0088168
          ],
          [
            -118.3296108,
            34.0084826
          ],
          [
            -118.3296158,
            34.0083811
          ],
          [
            -118.3296161,
            34.0079901
          ],
          [
            -118.3296354,
            34.0068346
          ],
          [
            -118.3295801,
            34.0067025
          ]
        ]
      },
      "id": "way/13401402"
    },
    {
      "type": "Feature",
      "properties": {
        "@id": "way/13401960",
        "highway": "residential",
        "name": "Cimarron Street",
        "oneway": "no",
        "surface": "asphalt",
        "tiger:cfcc": "A41",
        "tiger:county": "Los Angeles, CA",
        "tiger:name_base": "Cimarron",
        "tiger:name_type": "St",
        "tiger:reviewed": "no",
        "tiger:zip_left": "90062",
        "tiger:zip_right": "90062"
      },
      "geometry": {
        "type": "LineString",
        "coordinates": [
          [
            -118.3160292,
            34.0037064
          ],
          [
            -118.3160294,
            34.0036018
          ],
          [
            -118.3160427,
            34.0000591
          ],
          [
            -118.3160442,
            33.998169
          ],
          [
            -118.3160452,
            33.9974887
          ],
          [
            -118.3160459,
            33.9967695
          ],
          [
            -118.3160463,
            33.9964146
          ],
          [
            -118.3160474,
            33.9950456
          ],
          [
            -118.3160461,
            33.9937077
          ],
          [
            -118.3160504,
            33.9932278
          ],
          [
            -118.3160579,
            33.9927371
          ],
          [
            -118.3160498,
            33.9909971
          ],
          [
            -118.3160496,
            33.990949
          ],
          [
            -118.3160498,
            33.9908904
          ],
          [
            -118.3160542,
            33.9895888
          ],
          [
            -118.3160558,
            33.9891181
          ]
        ]
      },
      "id": "way/13401960"
    },
    {
      "type": "Feature",
      "properties": {
        "@id": "way/13401964",
        "highway": "residential",
        "name": "Cimarron Street",
        "surface": "asphalt",
        "tiger:cfcc": "A41",
        "tiger:county": "Los Angeles, CA",
        "tiger:name_base": "Cimarron",
        "tiger:name_type": "St",
        "tiger:zip_left": "90018",
        "tiger:zip_right": "90018"
      },
      "geometry": {
        "type": "LineString",
        "coordinates": [
          [
            -118.3155774,
            34.025547
          ],
          [
            -118.3155787,
            34.0254506
          ],
          [
            -118.31558,
            34.0253601
          ],
          [
            -118.3155825,
            34.0252058
          ],
          [
            -118.315585,
            34.0250466
          ],
          [
            -118.315594,
            34.0247411
          ],
          [
            -118.3155995,
            34.0245713
          ],
          [
            -118.3155998,
            34.0241104
          ],
          [
            -118.3156047,
            34.0236987
          ],
          [
            -118.3156053,
            34.0236463
          ],
          [
            -118.3156035,
            34.0235877
          ],
          [
            -118.3155794,
            34.0227935
          ],
          [
            -118.3155884,
            34.0219187
          ],
          [
            -118.3155888,
            34.0218753
          ],
          [
            -118.315588,
            34.0218168
          ],
          [
            -118.3155773,
            34.0210019
          ],
          [
            -118.3155862,
            34.0203499
          ],
          [
            -118.3155869,
            34.0202985
          ],
          [
            -118.3155866,
            34.0202376
          ],
          [
            -118.3155791,
            34.0186822
          ],
          [
            -118.3155793,
            34.0186572
          ],
          [
            -118.3155796,
            34.0185938
          ]
        ]
      },
      "id": "way/13401964"
    },
    {
      "type": "Feature",
      "properties": {
        "@id": "way/13401979",
        "highway": "residential",
        "name": "Cimarron Street",
        "tiger:cfcc": "A41",
        "tiger:county": "Los Angeles, CA",
        "tiger:name_base": "Cimarron",
        "tiger:name_type": "St",
        "tiger:zip_left": "90018",
        "tiger:zip_right": "90018"
      },
      "geometry": {
        "type": "LineString",
        "coordinates": [
          [
            -118.316099,
            34.0182721
          ],
          [
            -118.316097,
            34.0181895
          ],
          [
            -118.3160972,
            34.0181563
          ],
          [
            -118.3160971,
            34.0181487
          ],
          [
            -118.316092,
            34.0178217
          ],
          [
            -118.3160832,
            34.0173627
          ],
          [
            -118.3160846,
            34.0169109
          ],
          [
            -118.3160867,
            34.0165163
          ],
          [
            -118.316087,
            34.0164531
          ],
          [
            -118.3160867,
            34.0164022
          ],
          [
            -118.3160845,
            34.0160016
          ],
          [
            -118.3160815,
            34.0155539
          ],
          [
            -118.3160793,
            34.0150968
          ],
          [
            -118.3160864,
            34.0146987
          ],
          [
            -118.3160878,
            34.0146169
          ]
        ]
      },
      "id": "way/13401979"
    },
    {
      "type": "Feature",
      "properties": {
        "@id": "way/13401982",
        "highway": "residential",
        "name": "Cimarron Street",
        "tiger:cfcc": "A41",
        "tiger:county": "Los Angeles, CA",
        "tiger:name_base": "Cimarron",
        "tiger:name_type": "St",
        "tiger:zip_left": "90018",
        "tiger:zip_right": "90018"
      },
      "geometry": {
        "type": "LineString",
        "coordinates": [
          [
            -118.3151627,
            34.0326699
          ],
          [
            -118.3151627,
            34.0325435
          ],
          [
            -118.315167,
            34.031774
          ],
          [
            -118.315165,
            34.0308429
          ],
          [
            -118.315164,
            34.0299533
          ]
        ]
      },
      "id": "way/13401982"
    },
    {
      "type": "Feature",
      "properties": {
        "@id": "way/13403438",
        "highway": "residential",
        "name": "Knoll Crest Avenue",
        "tiger:cfcc": "A41",
        "tiger:county": "Los Angeles, CA",
        "tiger:name_base": "Knoll Crest",
        "tiger:name_type": "Ave",
        "tiger:reviewed": "no",
        "tiger:separated": "no",
        "tiger:source": "tiger_import_dch_v0.6_20070809",
        "tiger:tlid": "141602713",
        "tiger:zip_left": "90043",
        "tiger:zip_right": "90043"
      },
      "geometry": {
        "type": "LineString",
        "coordinates": [
          [
            -118.3320459,
            33.9991624
          ],
          [
            -118.3346522,
            33.9991507
          ],
          [
            -118.3348087,
            33.9991674
          ]
        ]
      },
      "id": "way/13403438"
    },
    {
      "type": "Feature",
      "properties": {
        "@id": "way/13403589",
        "highway": "residential",
        "name": "Chico Street",
        "tiger:cfcc": "A41",
        "tiger:county": "Los Angeles, CA",
        "tiger:name_base": "Chico",
        "tiger:name_type": "St",
        "tiger:zip_left": "90018",
        "tiger:zip_right": "90018"
      },
      "geometry": {
        "type": "LineString",
        "coordinates": [
          [
            -118.3267024,
            34.0301588
          ],
          [
            -118.3267007,
            34.0301045
          ],
          [
            -118.3266862,
            34.0296463
          ]
        ]
      },
      "id": "way/13403589"
    },
    {
      "type": "Feature",
      "properties": {
        "@id": "way/13405199",
        "highway": "residential",
        "name": "West 46th Street",
        "tiger:cfcc": "A41",
        "tiger:county": "Los Angeles, CA",
        "tiger:name_base": "46th",
        "tiger:name_direction_prefix": "W",
        "tiger:name_type": "St",
        "tiger:zip_left": "90062",
        "tiger:zip_right": "90062"
      },
      "geometry": {
        "type": "LineString",
        "coordinates": [
          [
            -118.300735,
            34.0019082
          ],
          [
            -118.3022713,
            34.001908
          ],
          [
            -118.302357,
            34.001908
          ],
          [
            -118.3024664,
            34.0019082
          ],
          [
            -118.3044794,
            34.0019127
          ],
          [
            -118.3045797,
            34.0019129
          ],
          [
            -118.3046779,
            34.0019129
          ],
          [
            -118.3066607,
            34.0019131
          ],
          [
            -118.3067558,
            34.0019131
          ],
          [
            -118.3068629,
            34.0019127
          ],
          [
            -118.3083249,
            34.0019077
          ],
          [
            -118.3088038,
            34.0019099
          ],
          [
            -118.3089414,
            34.0019105
          ],
          [
            -118.3090805,
            34.0019089
          ],
          [
            -118.3095535,
            34.0019035
          ],
          [
            -118.3113498,
            34.0018978
          ],
          [
            -118.313303,
            34.0018958
          ],
          [
            -118.3137398,
            34.0018957
          ],
          [
            -118.3138414,
            34.0018957
          ]
        ]
      },
      "id": "way/13405199"
    },
    {
      "type": "Feature",
      "properties": {
        "@id": "way/13405209",
        "highway": "residential",
        "name": "West 46th Street",
        "tiger:cfcc": "A41",
        "tiger:county": "Los Angeles, CA",
        "tiger:name_base": "46th",
        "tiger:name_direction_prefix": "W",
        "tiger:name_type": "St",
        "tiger:reviewed": "no",
        "tiger:zip_left": "90043",
        "tiger:zip_right": "90043"
      },
      "geometry": {
        "type": "LineString",
        "coordinates": [
          [
            -118.3235885,
            34.0018582
          ],
          [
            -118.3246912,
            34.0018532
          ],
          [
            -118.3257271,
            34.0018484
          ],
          [
            -118.3257746,
            34.0018482
          ],
          [
            -118.3258196,
            34.001848
          ],
          [
            -118.3269228,
            34.0018429
          ],
          [
            -118.3281239,
            34.0018293
          ],
          [
            -118.3292659,
            34.001837
          ],
          [
            -118.3292869,
            34.0018372
          ],
          [
            -118.3293807,
            34.0018378
          ],
          [
            -118.3294594,
            34.0018386
          ],
          [
            -118.3294796,
            34.0018383
          ],
          [
            -118.330459,
            34.0018265
          ],
          [
            -118.3304913,
            34.0018264
          ],
          [
            -118.3305557,
            34.0018261
          ],
          [
            -118.3305946,
            34.0018264
          ]
        ]
      },
      "id": "way/13405209"
    },
    {
      "type": "Feature",
      "properties": {
        "@id": "way/13406873",
        "highway": "residential",
        "name": "South Wilton Place",
        "tiger:cfcc": "A41",
        "tiger:county": "Los Angeles, CA",
        "tiger:name_base": "Wilton",
        "tiger:name_direction_prefix": "S",
        "tiger:name_type": "Pl",
        "tiger:zip_left": "90062",
        "tiger:zip_right": "90062"
      },
      "geometry": {
        "type": "LineString",
        "coordinates": [
          [
            -118.3151887,
            34.0146175
          ],
          [
            -118.3151873,
            34.0145672
          ],
          [
            -118.3151704,
            34.0137888
          ],
          [
            -118.315169,
            34.0137221
          ],
          [
            -118.3151695,
            34.0136429
          ],
          [
            -118.3151744,
            34.012873
          ],
          [
            -118.3151748,
            34.0128056
          ],
          [
            -118.3151752,
            34.0127414
          ],
          [
            -118.31518,
            34.0119308
          ],
          [
            -118.3151804,
            34.0118639
          ],
          [
            -118.3151802,
            34.0117875
          ],
          [
            -118.3151791,
            34.0113824
          ],
          [
            -118.3151789,
            34.0113037
          ],
          [
            -118.3151786,
            34.011173
          ],
          [
            -118.3151775,
            34.0109429
          ],
          [
            -118.315177,
            34.0108438
          ]
        ]
      },
      "id": "way/13406873"
    },
    {
      "type": "Feature",
      "properties": {
        "@id": "way/13407601",
        "highway": "residential",
        "lanes": "2",
        "name": "Edgehill Drive",
        "surface": "asphalt",
        "tiger:cfcc": "A41",
        "tiger:county": "Los Angeles, CA",
        "tiger:name_base": "Edgehill",
        "tiger:name_type": "Dr",
        "tiger:zip_left": "90008",
        "tiger:zip_right": "90008"
      },
      "geometry": {
        "type": "LineString",
        "coordinates": [
          [
            -118.3309835,
            34.0205753
          ],
          [
            -118.3309834,
            34.0182413
          ],
          [
            -118.3309949,
            34.0149211
          ],
          [
            -118.3310257,
            34.0148187
          ],
          [
            -118.3310605,
            34.014733
          ],
          [
            -118.3311606,
            34.0146077
          ],
          [
            -118.3314228,
            34.0141917
          ],
          [
            -118.331429,
            34.0129172
          ]
        ]
      },
      "id": "way/13407601"
    },
    {
      "type": "Feature",
      "properties": {
        "@id": "way/13407604",
        "highway": "residential",
        "lanes": "2",
        "name": "Edgehill Drive",
        "surface": "asphalt",
        "tiger:cfcc": "A41",
        "tiger:county": "Los Angeles, CA",
        "tiger:name_base": "Edgehill",
        "tiger:name_type": "Dr",
        "tiger:zip_left": "90018",
        "tiger:zip_right": "90018"
      },
      "geometry": {
        "type": "LineString",
        "coordinates": [
          [
            -118.3283957,
            34.0325895
          ],
          [
            -118.3284632,
            34.0324914
          ],
          [
            -118.3285807,
            34.0323313
          ],
          [
            -118.3288309,
            34.031982
          ],
          [
            -118.3292479,
            34.0314156
          ],
          [
            -118.3293807,
            34.0311856
          ],
          [
            -118.3299805,
            34.0302976
          ],
          [
            -118.3303086,
            34.0297709
          ],
          [
            -118.3304981,
            34.0294666
          ],
          [
            -118.330488,
            34.0276514
          ],
          [
            -118.3304736,
            34.0260807
          ],
          [
            -118.3304828,
            34.0257161
          ],
          [
            -118.3304863,
            34.0255965
          ],
          [
            -118.3304839,
            34.0254918
          ],
          [
            -118.3304768,
            34.025109
          ],
          [
            -118.3304942,
            34.0231181
          ]
        ]
      },
      "id": "way/13407604"
    },
    {
      "type": "Feature",
      "properties": {
        "@id": "way/13407609",
        "highway": "residential",
        "name": "Edgehill Drive",
        "tiger:cfcc": "A41",
        "tiger:county": "Los Angeles, CA",
        "tiger:name_base": "Edgehill",
        "tiger:name_type": "Dr",
        "tiger:reviewed": "no",
        "tiger:zip_left": "90008",
        "tiger:zip_right": "90008"
      },
      "geometry": {
        "type": "LineString",
        "coordinates": [
          [
            -118.3304511,
            34.0100494
          ],
          [
            -118.330466,
            34.0088737
          ],
          [
            -118.3304686,
            34.008487
          ],
          [
            -118.3304553,
            34.0083908
          ],
          [
            -118.3304511,
            34.0079973
          ],
          [
            -118.3304753,
            34.0063615
          ],
          [
            -118.3304826,
            34.006073
          ],
          [
            -118.33046,
            34.0059765
          ]
        ]
      },
      "id": "way/13407609"
    },
    {
      "type": "Feature",
      "properties": {
        "@id": "way/13418320",
        "highway": "residential",
        "name": "West 41st Place",
        "tiger:cfcc": "A41",
        "tiger:county": "Los Angeles, CA",
        "tiger:name_base": "41st",
        "tiger:name_direction_prefix": "W",
        "tiger:name_type": "Pl",
        "tiger:zip_left": "90062",
        "tiger:zip_right": "90062"
      },
      "geometry": {
        "type": "LineString",
        "coordinates": [
          [
            -118.3089167,
            34.0081646
          ],
          [
            -118.309037,
            34.008164
          ],
          [
            -118.3095131,
            34.0081617
          ],
          [
            -118.3112615,
            34.0081533
          ],
          [
            -118.311336,
            34.0081529
          ],
          [
            -118.3114089,
            34.0081526
          ],
          [
            -118.3137318,
            34.0081414
          ],
          [
            -118.3138254,
            34.0081409
          ],
          [
            -118.313937,
            34.0081404
          ],
          [
            -118.3149314,
            34.0081356
          ],
          [
            -118.316079,
            34.0081301
          ],
          [
            -118.317047,
            34.0081254
          ],
          [
            -118.3171201,
            34.008125
          ]
        ]
      },
      "id": "way/13418320"
    },
    {
      "type": "Feature",
      "properties": {
        "@id": "way/13418324",
        "highway": "residential",
        "maxspeed": "25 mph",
        "name": "Deane Avenue",
        "source:maxspeed": "sign",
        "surface": "asphalt",
        "tiger:cfcc": "A41",
        "tiger:county": "Los Angeles, CA",
        "tiger:name_base": "Deane",
        "tiger:name_type": "Ave",
        "tiger:zip_left": "90043",
        "tiger:zip_right": "90043"
      },
      "geometry": {
        "type": "LineString",
        "coordinates": [
          [
            -118.337812,
            33.9930617
          ],
          [
            -118.3378119,
            33.9929671
          ],
          [
            -118.3378115,
            33.9926086
          ],
          [
            -118.3378095,
            33.990813
          ],
          [
            -118.3378082,
            33.9894758
          ],
          [
            -118.3378063,
            33.9893856
          ],
          [
            -118.3378034,
            33.9892243
          ],
          [
            -118.3378018,
            33.9891167
          ],
          [
            -118.3377998,
            33.9889848
          ],
          [
            -118.3378025,
            33.9888546
          ],
          [
            -118.3378045,
            33.9886644
          ],
          [
            -118.3378071,
            33.9885212
          ],
          [
            -118.3378068,
            33.9880792
          ],
          [
            -118.3378057,
            33.9871634
          ],
          [
            -118.3377945,
            33.986263
          ],
          [
            -118.337813,
            33.9854447
          ],
          [
            -118.3378148,
            33.9853631
          ]
        ]
      },
      "id": "way/13418324"
    },
    {
      "type": "Feature",
      "properties": {
        "@id": "way/13422391",
        "highway": "residential",
        "name": "Somerset Drive",
        "tiger:cfcc": "A41",
        "tiger:county": "Los Angeles, CA",
        "tiger:name_base": "Somerset",
        "tiger:name_type": "Dr",
        "tiger:zip_left": "90016",
        "tiger:zip_right": "90016"
      },
      "geometry": {
        "type": "LineString",
        "coordinates": [
          [
            -118.3373805,
            34.0320593
          ],
          [
            -118.3373764,
            34.0311378
          ],
          [
            -118.3373853,
            34.0294549
          ],
          [
            -118.337383,
            34.0285363
          ],
          [
            -118.337381,
            34.0276177
          ],
          [
            -118.3373772,
            34.0270674
          ],
          [
            -118.3373697,
            34.0260602
          ],
          [
            -118.3373706,
            34.0257831
          ],
          [
            -118.3373712,
            34.0255823
          ],
          [
            -118.3373705,
            34.0250978
          ],
          [
            -118.3373744,
            34.0240332
          ],
          [
            -118.3373667,
            34.0230473
          ]
        ]
      },
      "id": "way/13422391"
    },
    {
      "type": "Feature",
      "properties": {
        "@id": "way/13427781",
        "highway": "residential",
        "name": "South Rimpau Boulevard",
        "surface": "asphalt",
        "tiger:cfcc": "A41",
        "tiger:county": "Los Angeles, CA",
        "tiger:name_base": "Rimpau",
        "tiger:name_direction_prefix": "S",
        "tiger:name_type": "Blvd",
        "tiger:zip_left": "90043",
        "tiger:zip_right": "90043"
      },
      "geometry": {
        "type": "LineString",
        "coordinates": [
          [
            -118.3399628,
            33.9955259
          ],
          [
            -118.3399367,
            33.9954734
          ],
          [
            -118.3399243,
            33.9954249
          ],
          [
            -118.3399148,
            33.9935092
          ],
          [
            -118.3399137,
            33.9931772
          ],
          [
            -118.3399133,
            33.993047
          ],
          [
            -118.3399129,
            33.9929459
          ],
          [
            -118.3399117,
            33.9925953
          ],
          [
            -118.3399054,
            33.9907983
          ],
          [
            -118.3399009,
            33.9894618
          ],
          [
            -118.3398997,
            33.9890936
          ],
          [
            -118.3398993,
            33.9889694
          ],
          [
            -118.3398987,
            33.9888564
          ],
          [
            -118.3398969,
            33.9885108
          ],
          [
            -118.3398962,
            33.9880631
          ],
          [
            -118.339893,
            33.9871505
          ],
          [
            -118.3398899,
            33.9862463
          ],
          [
            -118.3398887,
            33.985431
          ],
          [
            -118.3398886,
            33.9853537
          ]
        ]
      },
      "id": "way/13427781"
    },
    {
      "type": "Feature",
      "properties": {
        "@id": "way/13434083",
        "highway": "residential",
        "name": "West 38th Street",
        "tiger:cfcc": "A41",
        "tiger:county": "Los Angeles, CA",
        "tiger:name_base": "38th",
        "tiger:name_direction_prefix": "W",
        "tiger:name_type": "St",
        "tiger:zip_left": "90062",
        "tiger:zip_right": "90062"
      },
      "geometry": {
        "type": "LineString",
        "coordinates": [
          [
            -118.308907,
            34.01734
          ],
          [
            -118.3090304,
            34.0173411
          ],
          [
            -118.3094466,
            34.0173446
          ],
          [
            -118.3110344,
            34.0173586
          ],
          [
            -118.3131872,
            34.0173694
          ],
          [
            -118.3132766,
            34.0173698
          ],
          [
            -118.3133471,
            34.0173696
          ],
          [
            -118.316045,
            34.0173628
          ],
          [
            -118.3160832,
            34.0173627
          ]
        ]
      },
      "id": "way/13434083"
    },
    {
      "type": "Feature",
      "properties": {
        "@id": "way/13434351",
        "highway": "residential",
        "name": "West 29th Place",
        "surface": "asphalt",
        "tiger:cfcc": "A41",
        "tiger:county": "Los Angeles, CA",
        "tiger:name_base": "29th",
        "tiger:name_direction_prefix": "W",
        "tiger:name_type": "Pl",
        "tiger:zip_left": "90018",
        "tiger:zip_right": "90018"
      },
      "geometry": {
        "type": "LineString",
        "coordinates": [
          [
            -118.3089399,
            34.0282532
          ],
          [
            -118.3090737,
            34.0282532
          ],
          [
            -118.3100345,
            34.0282533
          ],
          [
            -118.3110469,
            34.0282501
          ],
          [
            -118.3120604,
            34.0282545
          ],
          [
            -118.3151653,
            34.0282416
          ],
          [
            -118.3175516,
            34.0282281
          ],
          [
            -118.3176714,
            34.0282267
          ]
        ]
      },
      "id": "way/13434351"
    },
    {
      "type": "Feature",
      "properties": {
        "@id": "way/13435577",
        "highway": "residential",
        "name": "West 42nd Place",
        "tiger:cfcc": "A41",
        "tiger:county": "Los Angeles, CA",
        "tiger:name_base": "42nd",
        "tiger:name_direction_prefix": "W",
        "tiger:name_type": "Pl",
        "tiger:zip_left": "90062",
        "tiger:zip_right": "90062"
      },
      "geometry": {
        "type": "LineString",
        "coordinates": [
          [
            -118.3089325,
            34.0063838
          ],
          [
            -118.3095157,
            34.0063833
          ],
          [
            -118.311341,
            34.0063817
          ],
          [
            -118.3137428,
            34.0063679
          ],
          [
            -118.3138373,
            34.0063674
          ],
          [
            -118.3139357,
            34.0063671
          ],
          [
            -118.3171167,
            34.006359
          ]
        ]
      },
      "id": "way/13435577"
    },
    {
      "type": "Feature",
      "properties": {
        "@id": "way/13435983",
        "highway": "residential",
        "lanes": "2",
        "name": "West 37th Place",
        "surface": "asphalt",
        "tiger:cfcc": "A41",
        "tiger:county": "Los Angeles, CA",
        "tiger:name_base": "37th",
        "tiger:name_direction_prefix": "W",
        "tiger:name_type": "Pl",
        "tiger:zip_left": "90018",
        "tiger:zip_right": "90018"
      },
      "geometry": {
        "type": "LineString",
        "coordinates": [
          [
            -118.3089026,
            34.0202367
          ],
          [
            -118.3090312,
            34.0202367
          ],
          [
            -118.309041,
            34.0202367
          ],
          [
            -118.3090852,
            34.0202367
          ],
          [
            -118.309366,
            34.0202367
          ],
          [
            -118.3101686,
            34.0202367
          ],
          [
            -118.3118357,
            34.0202367
          ],
          [
            -118.3119128,
            34.0202367
          ],
          [
            -118.3119918,
            34.0202409
          ],
          [
            -118.3127686,
            34.0202822
          ],
          [
            -118.3128259,
            34.0202852
          ],
          [
            -118.3128773,
            34.0202852
          ],
          [
            -118.3137512,
            34.0202852
          ],
          [
            -118.3137879,
            34.0202852
          ],
          [
            -118.313851,
            34.0202852
          ],
          [
            -118.3139155,
            34.0202857
          ],
          [
            -118.3139481,
            34.0202859
          ],
          [
            -118.3148243,
            34.0202927
          ],
          [
            -118.3155167,
            34.020298
          ],
          [
            -118.3155869,
            34.0202985
          ],
          [
            -118.315649,
            34.0202982
          ],
          [
            -118.3160898,
            34.0202963
          ],
          [
            -118.3165422,
            34.0202943
          ],
          [
            -118.316597,
            34.0202941
          ],
          [
            -118.3166687,
            34.020294
          ],
          [
            -118.3171177,
            34.0202936
          ],
          [
            -118.3175936,
            34.0202931
          ],
          [
            -118.3176796,
            34.020293
          ],
          [
            -118.3177578,
            34.0202933
          ],
          [
            -118.3183642,
            34.0202959
          ],
          [
            -118.318854,
            34.020298
          ],
          [
            -118.3189705,
            34.0202985
          ],
          [
            -118.3190507,
            34.0202999
          ],
          [
            -118.3195333,
            34.0203082
          ],
          [
            -118.3200402,
            34.0203166
          ],
          [
            -118.3201314,
            34.0203181
          ]
        ]
      },
      "id": "way/13435983"
    },
    {
      "type": "Feature",
      "properties": {
        "@id": "way/13436725",
        "highway": "residential",
        "name": "Crestway Place",
        "tiger:cfcc": "A41",
        "tiger:county": "Los Angeles, CA",
        "tiger:name_base": "Crestway",
        "tiger:name_type": "Pl",
        "tiger:separated": "no",
        "tiger:source": "tiger_import_dch_v0.6_20070809",
        "tiger:tlid": "141602476",
        "tiger:zip_left": "90043",
        "tiger:zip_right": "90043"
      },
      "geometry": {
        "type": "LineString",
        "coordinates": [
          [
            -118.3397554,
            33.9983163
          ],
          [
            -118.3397637,
            33.99821
          ],
          [
            -118.3398256,
            33.998032
          ],
          [
            -118.3398971,
            33.9979376
          ],
          [
            -118.3399893,
            33.9978793
          ],
          [
            -118.3401606,
            33.9978486
          ],
          [
            -118.3403201,
            33.9978783
          ],
          [
            -118.3404176,
            33.9979322
          ],
          [
            -118.3408992,
            33.9982343
          ],
          [
            -118.3410228,
            33.9983422
          ],
          [
            -118.3411008,
            33.9984379
          ],
          [
            -118.3412082,
            33.9986038
          ],
          [
            -118.3412513,
            33.998739
          ]
        ]
      },
      "id": "way/13436725"
    },
    {
      "type": "Feature",
      "properties": {
        "@id": "way/13440949",
        "highway": "residential",
        "name": "South Norton Avenue",
        "tiger:cfcc": "A41",
        "tiger:county": "Los Angeles, CA",
        "tiger:name_base": "Norton",
        "tiger:name_direction_prefix": "S",
        "tiger:name_type": "Ave",
        "tiger:reviewed": "no",
        "tiger:zip_left": "90008",
        "tiger:zip_right": "90008"
      },
      "geometry": {
        "type": "LineString",
        "coordinates": [
          [
            -118.3324055,
            34.0100605
          ],
          [
            -118.3324132,
            34.0088744
          ],
          [
            -118.3324159,
            34.0084988
          ],
          [
            -118.332417,
            34.008407
          ],
          [
            -118.3324224,
            34.0080077
          ],
          [
            -118.332443,
            34.0063726
          ],
          [
            -118.3324448,
            34.0061992
          ],
          [
            -118.3324477,
            34.0059967
          ]
        ]
      },
      "id": "way/13440949"
    },
    {
      "type": "Feature",
      "properties": {
        "@id": "way/13440951",
        "highway": "residential",
        "lanes": "2",
        "name": "South Norton Avenue",
        "surface": "asphalt",
        "tiger:cfcc": "A41",
        "tiger:county": "Los Angeles, CA",
        "tiger:name_base": "Norton",
        "tiger:name_direction_prefix": "S",
        "tiger:name_type": "Ave",
        "tiger:zip_left": "90018",
        "tiger:zip_right": "90018"
      },
      "geometry": {
        "type": "LineString",
        "coordinates": [
          [
            -118.3327448,
            34.0311511
          ],
          [
            -118.332742,
            34.0308503
          ],
          [
            -118.3327335,
            34.0294635
          ],
          [
            -118.332727,
            34.027623
          ],
          [
            -118.332727,
            34.0263622
          ],
          [
            -118.3327278,
            34.0260817
          ],
          [
            -118.3327301,
            34.0255998
          ],
          [
            -118.332733,
            34.0251
          ],
          [
            -118.3327347,
            34.0235784
          ]
        ]
      },
      "id": "way/13440951"
    },
    {
      "type": "Feature",
      "properties": {
        "@id": "way/13441454",
        "highway": "residential",
        "name": "South Manhattan Place",
        "tiger:cfcc": "A41",
        "tiger:county": "Los Angeles, CA",
        "tiger:name_base": "Manhatten",
        "tiger:name_direction_prefix": "S",
        "tiger:name_type": "Pl",
        "tiger:reviewed": "no",
        "tiger:zip_left": "90062",
        "tiger:zip_right": "90062"
      },
      "geometry": {
        "type": "LineString",
        "coordinates": [
          [
            -118.3101316,
            33.9932421
          ],
          [
            -118.3101387,
            33.9927575
          ],
          [
            -118.3101451,
            33.9923305
          ],
          [
            -118.3101589,
            33.9915098
          ],
          [
            -118.3101685,
            33.9910253
          ],
          [
            -118.3101696,
            33.9909698
          ],
          [
            -118.3101695,
            33.9909186
          ],
          [
            -118.3101687,
            33.9906158
          ],
          [
            -118.3101708,
            33.9899112
          ],
          [
            -118.3101712,
            33.9898162
          ],
          [
            -118.3101724,
            33.9896134
          ],
          [
            -118.31016,
            33.9891407
          ]
        ]
      },
      "id": "way/13441454"
    },
    {
      "type": "Feature",
      "properties": {
        "@id": "way/13444495",
        "highway": "residential",
        "name": "Browning Boulevard",
        "tiger:cfcc": "A41",
        "tiger:county": "Los Angeles, CA",
        "tiger:name_base": "Browning",
        "tiger:name_type": "Blvd",
        "tiger:zip_left": "90062",
        "tiger:zip_right": "90062"
      },
      "geometry": {
        "type": "LineString",
        "coordinates": [
          [
            -118.3089247,
            34.0118802
          ],
          [
            -118.3090415,
            34.0118799
          ],
          [
            -118.3092056,
            34.0118795
          ],
          [
            -118.3095023,
            34.0118787
          ],
          [
            -118.309784,
            34.011878
          ],
          [
            -118.3110218,
            34.0118764
          ],
          [
            -118.3111049,
            34.0118745
          ],
          [
            -118.3111865,
            34.0118743
          ],
          [
            -118.3131808,
            34.0118692
          ],
          [
            -118.3132543,
            34.011869
          ],
          [
            -118.3133519,
            34.0118687
          ],
          [
            -118.3151021,
            34.0118641
          ],
          [
            -118.3151804,
            34.0118639
          ],
          [
            -118.3152645,
            34.0118637
          ],
          [
            -118.3170173,
            34.0118591
          ],
          [
            -118.3171095,
            34.0118589
          ]
        ]
      },
      "id": "way/13444495"
    },
    {
      "type": "Feature",
      "properties": {
        "@id": "way/13446834",
        "highway": "residential",
        "name": "McClung Drive",
        "name_1": "Mc Clung Drive",
        "surface": "asphalt",
        "tiger:cfcc": "A41",
        "tiger:county": "Los Angeles, CA",
        "tiger:name_base": "McClung",
        "tiger:name_base_1": "Mc Clung",
        "tiger:name_type": "Dr",
        "tiger:name_type_1": "Dr",
        "tiger:zip_left": "90008",
        "tiger:zip_right": "90008"
      },
      "geometry": {
        "type": "LineString",
        "coordinates": [
          [
            -118.3337053,
            34.0141397
          ],
          [
            -118.333744,
            34.0140363
          ],
          [
            -118.3337953,
            34.0139504
          ],
          [
            -118.3337952,
            34.0133012
          ],
          [
            -118.3337958,
            34.0116411
          ],
          [
            -118.3337964,
            34.0109388
          ]
        ]
      },
      "id": "way/13446834"
    },
    {
      "type": "Feature",
      "properties": {
        "@id": "way/13448145",
        "highway": "residential",
        "name": "South Mullen Avenue",
        "surface": "asphalt",
        "tiger:cfcc": "A41",
        "tiger:county": "Los Angeles, CA",
        "tiger:name_base": "Mullen",
        "tiger:name_direction_prefix": "S",
        "tiger:name_type": "Ave",
        "tiger:reviewed": "no",
        "tiger:zip_left": "90043",
        "tiger:zip_right": "90043"
      },
      "geometry": {
        "type": "LineString",
        "coordinates": [
          [
            -118.3389012,
            33.9959063
          ],
          [
            -118.3388666,
            33.9958019
          ],
          [
            -118.33884,
            33.9949216
          ],
          [
            -118.3388493,
            33.9935148
          ],
          [
            -118.3388516,
            33.9931783
          ],
          [
            -118.3388524,
            33.9930537
          ],
          [
            -118.338851,
            33.9929582
          ],
          [
            -118.3388456,
            33.992602
          ],
          [
            -118.3388408,
            33.9908116
          ],
          [
            -118.3388364,
            33.9894688
          ],
          [
            -118.3388402,
            33.9891043
          ],
          [
            -118.3388371,
            33.9889784
          ]
        ]
      },
      "id": "way/13448145"
    },
    {
      "type": "Feature",
      "properties": {
        "@id": "way/13448150",
        "highway": "residential",
        "name": "South Mullen Avenue",
        "tiger:cfcc": "A41",
        "tiger:county": "Los Angeles, CA",
        "tiger:name_base": "Mullen",
        "tiger:name_direction_prefix": "S",
        "tiger:name_type": "Ave",
        "tiger:zip_left": "90043",
        "tiger:zip_right": "90043"
      },
      "geometry": {
        "type": "LineString",
        "coordinates": [
          [
            -118.3390894,
            33.9972429
          ],
          [
            -118.3390279,
            33.9971749
          ],
          [
            -118.338893,
            33.9969251
          ],
          [
            -118.3386702,
            33.99652
          ],
          [
            -118.3385887,
            33.996425
          ],
          [
            -118.3384816,
            33.9963571
          ],
          [
            -118.3383607,
            33.9962982
          ]
        ]
      },
      "id": "way/13448150"
    },
    {
      "type": "Feature",
      "properties": {
        "@id": "way/13451028",
        "highway": "residential",
        "name": "Rochester Circle",
        "name_1": "West 37th Street",
        "tiger:cfcc": "A41",
        "tiger:county": "Los Angeles, CA",
        "tiger:name_base": "Rochester",
        "tiger:name_base_1": "37th",
        "tiger:name_direction_prefix_1": "W",
        "tiger:name_type": "Cir",
        "tiger:name_type_1": "St",
        "tiger:zip_left": "90018",
        "tiger:zip_right": "90018"
      },
      "geometry": {
        "type": "LineString",
        "coordinates": [
          [
            -118.314559,
            34.0211089
          ],
          [
            -118.3146728,
            34.0211067
          ],
          [
            -118.3148097,
            34.0211101
          ],
          [
            -118.3149469,
            34.0210941
          ],
          [
            -118.3152098,
            34.0210145
          ],
          [
            -118.3153113,
            34.0210016
          ],
          [
            -118.3155111,
            34.0210018
          ],
          [
            -118.3155773,
            34.0210019
          ]
        ]
      },
      "id": "way/13451028"
    },
    {
      "type": "Feature",
      "properties": {
        "@id": "way/13452197",
        "highway": "residential",
        "name": "Hepburn Avenue",
        "surface": "asphalt",
        "tiger:cfcc": "A41",
        "tiger:county": "Los Angeles, CA",
        "tiger:name_base": "Hepburn",
        "tiger:name_type": "Ave",
        "tiger:zip_left": "90018",
        "tiger:zip_left_1": "90008",
        "tiger:zip_right": "90018",
        "tiger:zip_right_1": "90008"
      },
      "geometry": {
        "type": "LineString",
        "coordinates": [
          [
            -118.3251278,
            34.0187786
          ],
          [
            -118.3251229,
            34.0180575
          ],
          [
            -118.3251181,
            34.0172275
          ],
          [
            -118.3251127,
            34.0162877
          ],
          [
            -118.3251086,
            34.0155803
          ],
          [
            -118.3251031,
            34.0146114
          ],
          [
            -118.325111,
            34.010882
          ]
        ]
      },
      "id": "way/13452197"
    },
    {
      "type": "Feature",
      "properties": {
        "@id": "way/13454318",
        "highway": "residential",
        "name": "Rodeo Place",
        "tiger:cfcc": "A41",
        "tiger:county": "Los Angeles, CA",
        "tiger:name_base": "Rodeo",
        "tiger:name_type": "Pl",
        "tiger:zip_left": "90016",
        "tiger:zip_right": "90016"
      },
      "geometry": {
        "type": "LineString",
        "coordinates": [
          [
            -118.3349201,
            34.0198909
          ],
          [
            -118.3351009,
            34.0198837
          ],
          [
            -118.335569,
            34.0198866
          ],
          [
            -118.3357702,
            34.0198879
          ],
          [
            -118.3359597,
            34.0198891
          ],
          [
            -118.3361417,
            34.0198902
          ],
          [
            -118.3363368,
            34.0198914
          ]
        ]
      },
      "id": "way/13454318"
    },
    {
      "type": "Feature",
      "properties": {
        "@id": "way/13458191",
        "highway": "residential",
        "name": "West 41st Drive",
        "tiger:cfcc": "A41",
        "tiger:county": "Los Angeles, CA",
        "tiger:name_base": "41st",
        "tiger:name_direction_prefix": "W",
        "tiger:name_type": "Dr",
        "tiger:reviewed": "no",
        "tiger:separated": "no",
        "tiger:source": "tiger_import_dch_v0.6_20070809",
        "tiger:tlid": "141606338",
        "tiger:zip_left": "90008",
        "tiger:zip_right": "90008"
      },
      "geometry": {
        "type": "LineString",
        "coordinates": [
          [
            -118.320902,
            34.0089949
          ],
          [
            -118.3214123,
            34.008996
          ]
        ]
      },
      "id": "way/13458191"
    },
    {
      "type": "Feature",
      "properties": {
        "@id": "way/13458197",
        "highway": "residential",
        "name": "West 41st Drive",
        "tiger:cfcc": "A41",
        "tiger:county": "Los Angeles, CA",
        "tiger:name_base": "41st",
        "tiger:name_direction_prefix": "W",
        "tiger:name_type": "Dr",
        "tiger:zip_left": "90008",
        "tiger:zip_right": "90008"
      },
      "geometry": {
        "type": "LineString",
        "coordinates": [
          [
            -118.308922,
            34.0090376
          ],
          [
            -118.3090317,
            34.0090375
          ],
          [
            -118.3093217,
            34.0090374
          ],
          [
            -118.3095161,
            34.0090373
          ],
          [
            -118.3096587,
            34.0090371
          ],
          [
            -118.3098176,
            34.0090369
          ],
          [
            -118.3098278,
            34.0090369
          ],
          [
            -118.3101192,
            34.0090366
          ],
          [
            -118.3112507,
            34.0090352
          ],
          [
            -118.311338,
            34.0090351
          ],
          [
            -118.3114331,
            34.0090349
          ],
          [
            -118.3138236,
            34.0090308
          ],
          [
            -118.313944,
            34.0090304
          ],
          [
            -118.3170389,
            34.0090211
          ],
          [
            -118.3171254,
            34.0090208
          ],
          [
            -118.3176293,
            34.0090163
          ],
          [
            -118.3182246,
            34.0090096
          ],
          [
            -118.3192849,
            34.009012
          ],
          [
            -118.3203605,
            34.009008
          ]
        ]
      },
      "id": "way/13458197"
    },
    {
      "type": "Feature",
      "properties": {
        "@id": "way/13463182",
        "highway": "residential",
        "name": "Westside Avenue",
        "surface": "asphalt",
        "tiger:cfcc": "A41",
        "tiger:county": "Los Angeles, CA",
        "tiger:name_base": "Westside",
        "tiger:name_type": "Ave",
        "tiger:zip_left": "90018",
        "tiger:zip_right": "90018"
      },
      "geometry": {
        "type": "LineString",
        "coordinates": [
          [
            -118.3275231,
            34.0196844
          ],
          [
            -118.327094,
            34.0182619
          ],
          [
            -118.3270875,
            34.0178155
          ],
          [
            -118.3270876,
            34.0171248
          ],
          [
            -118.3270883,
            34.0164311
          ],
          [
            -118.3270891,
            34.0155974
          ],
          [
            -118.3270945,
            34.0146102
          ],
          [
            -118.3270933,
            34.0108959
          ]
        ]
      },
      "id": "way/13463182"
    },
    {
      "type": "Feature",
      "properties": {
        "@id": "way/13466145",
        "highway": "residential",
        "name": "West 31st Street",
        "surface": "asphalt",
        "tiger:cfcc": "A41",
        "tiger:county": "Los Angeles, CA",
        "tiger:name_base": "31st",
        "tiger:name_direction_prefix": "W",
        "tiger:name_type": "St",
        "tiger:zip_left": "90018",
        "tiger:zip_right": "90018"
      },
      "geometry": {
        "type": "LineString",
        "coordinates": [
          [
            -118.3089267,
            34.0264886
          ],
          [
            -118.3090306,
            34.0264869
          ],
          [
            -118.3090708,
            34.0264862
          ],
          [
            -118.3095044,
            34.0264899
          ],
          [
            -118.312039,
            34.026485
          ],
          [
            -118.3151582,
            34.0264805
          ]
        ]
      },
      "id": "way/13466145"
    },
    {
      "type": "Feature",
      "properties": {
        "@id": "way/13468136",
        "highway": "residential",
        "name": "West 43rd Street",
        "tiger:cfcc": "A41",
        "tiger:county": "Los Angeles, CA",
        "tiger:name_base": "43rd",
        "tiger:name_direction_prefix": "W",
        "tiger:name_type": "St",
        "tiger:zip_left": "90008",
        "tiger:zip_right": "90008"
      },
      "geometry": {
        "type": "LineString",
        "coordinates": [
          [
            -118.3089294,
            34.0054993
          ],
          [
            -118.3095165,
            34.0054974
          ],
          [
            -118.3113474,
            34.0054944
          ],
          [
            -118.31374,
            34.0054846
          ],
          [
            -118.3138409,
            34.0054843
          ],
          [
            -118.3139355,
            34.0054846
          ],
          [
            -118.3171252,
            34.0054803
          ],
          [
            -118.3176336,
            34.0054764
          ],
          [
            -118.3182423,
            34.0054764
          ],
          [
            -118.3193032,
            34.005486
          ],
          [
            -118.320361,
            34.0054748
          ],
          [
            -118.3214085,
            34.0054562
          ],
          [
            -118.3222357,
            34.0054768
          ],
          [
            -118.3230653,
            34.0054742
          ]
        ]
      },
      "id": "way/13468136"
    },
    {
      "type": "Feature",
      "properties": {
        "@id": "way/13468718",
        "highway": "residential",
        "lanes": "2",
        "name": "6th Avenue",
        "surface": "asphalt",
        "tiger:cfcc": "A41",
        "tiger:county": "Los Angeles, CA",
        "tiger:name_base": "6th",
        "tiger:name_type": "Ave",
        "tiger:zip_left": "90018",
        "tiger:zip_right": "90018"
      },
      "geometry": {
        "type": "LineString",
        "coordinates": [
          [
            -118.3236065,
            34.02966
          ],
          [
            -118.3236041,
            34.0284633
          ],
          [
            -118.3236039,
            34.0284318
          ],
          [
            -118.323602,
            34.0276411
          ],
          [
            -118.323601,
            34.0275683
          ],
          [
            -118.3235813,
            34.0260692
          ],
          [
            -118.3235842,
            34.0258142
          ],
          [
            -118.3235856,
            34.0256981
          ],
          [
            -118.3235871,
            34.0255896
          ],
          [
            -118.3235855,
            34.0254934
          ],
          [
            -118.3235803,
            34.0251267
          ],
          [
            -118.3235781,
            34.0230039
          ],
          [
            -118.3235784,
            34.0229062
          ],
          [
            -118.3235786,
            34.0228417
          ],
          [
            -118.3235889,
            34.0218133
          ],
          [
            -118.3235991,
            34.0208036
          ],
          [
            -118.3236,
            34.0207117
          ],
          [
            -118.3236016,
            34.0205457
          ],
          [
            -118.3236031,
            34.0203147
          ],
          [
            -118.3236048,
            34.0202229
          ]
        ]
      },
      "id": "way/13468718"
    },
    {
      "type": "Feature",
      "properties": {
        "@id": "way/13468729",
        "highway": "residential",
        "name": "6th Avenue",
        "surface": "asphalt",
        "tiger:cfcc": "A41",
        "tiger:county": "Los Angeles, CA",
        "tiger:name_base": "6th",
        "tiger:name_type": "Ave",
        "tiger:zip_left": "90008",
        "tiger:zip_right": "90008"
      },
      "geometry": {
        "type": "LineString",
        "coordinates": [
          [
            -118.3241544,
            34.0188922
          ],
          [
            -118.3241495,
            34.0161334
          ],
          [
            -118.3241309,
            34.014612
          ],
          [
            -118.3241368,
            34.0127961
          ],
          [
            -118.3241403,
            34.0118489
          ],
          [
            -118.3241445,
            34.0108751
          ]
        ]
      },
      "id": "way/13468729"
    },
    {
      "type": "Feature",
      "properties": {
        "@id": "way/13470802",
        "highway": "residential",
        "name": "Middleton Place",
        "tiger:cfcc": "A41",
        "tiger:county": "Los Angeles, CA",
        "tiger:name_base": "Middleton",
        "tiger:name_type": "Pl",
        "tiger:zip_left": "90062",
        "tiger:zip_right": "90062"
      },
      "geometry": {
        "type": "LineString",
        "coordinates": [
          [
            -118.3089206,
            34.0155214
          ],
          [
            -118.3090388,
            34.0155219
          ],
          [
            -118.3094002,
            34.0155234
          ],
          [
            -118.3094431,
            34.0155236
          ],
          [
            -118.3132055,
            34.0155396
          ],
          [
            -118.3132581,
            34.0155398
          ],
          [
            -118.3133364,
            34.0155402
          ],
          [
            -118.3160415,
            34.0155537
          ],
          [
            -118.3160815,
            34.0155539
          ]
        ]
      },
      "id": "way/13470802"
    },
    {
      "type": "Feature",
      "properties": {
        "@id": "way/13471568",
        "highway": "residential",
        "name": "8th Avenue",
        "surface": "asphalt",
        "tiger:cfcc": "A41",
        "tiger:county": "Los Angeles, CA",
        "tiger:name_base": "8th",
        "tiger:name_type": "Ave",
        "tiger:zip_left": "90008",
        "tiger:zip_right": "90008"
      },
      "geometry": {
        "type": "LineString",
        "coordinates": [
          [
            -118.3262026,
            34.0108897
          ],
          [
            -118.326203,
            34.0104622
          ],
          [
            -118.3262068,
            34.0096592
          ],
          [
            -118.3261501,
            34.0095348
          ]
        ]
      },
      "id": "way/13471568"
    },
    {
      "type": "Feature",
      "properties": {
        "@id": "way/51805346",
        "highway": "residential",
        "name": "9th Avenue",
        "tiger:cfcc": "A41",
        "tiger:county": "Los Angeles, CA",
        "tiger:name_base": "9th",
        "tiger:name_type": "Ave"
      },
      "geometry": {
        "type": "LineString",
        "coordinates": [
          [
            -118.3272667,
            34.020457
          ],
          [
            -118.327332,
            34.0202615
          ],
          [
            -118.327424,
            34.0199837
          ],
          [
            -118.3275231,
            34.0196844
          ]
        ]
      },
      "id": "way/51805346"
    },
    {
      "type": "Feature",
      "properties": {
        "@id": "way/134116614",
        "highway": "residential",
        "maxspeed": "35 mph",
        "name": "Arlington Avenue",
        "oneway": "yes",
        "tiger:cfcc": "A41",
        "tiger:county": "Los Angeles, CA",
        "tiger:name_base": "Arlington",
        "tiger:name_type": "Ave",
        "tiger:zip_left": "90008",
        "tiger:zip_right": "90008"
      },
      "geometry": {
        "type": "LineString",
        "coordinates": [
          [
            -118.3181865,
            33.9940757
          ],
          [
            -118.3182118,
            33.9936601
          ],
          [
            -118.3182311,
            33.9932191
          ]
        ]
      },
      "id": "way/134116614"
    },
    {
      "type": "Feature",
      "properties": {
        "@id": "way/134118535",
        "highway": "residential",
        "name": "Crenshaw Boulevard",
        "oneway": "yes"
      },
      "geometry": {
        "type": "LineString",
        "coordinates": [
          [
            -118.331129,
            33.9983369
          ],
          [
            -118.3311295,
            33.9982713
          ],
          [
            -118.3311315,
            33.9976809
          ],
          [
            -118.3311387,
            33.9965233
          ],
          [
            -118.3311285,
            33.9964877
          ],
          [
            -118.331098,
            33.9964572
          ],
          [
            -118.3310693,
            33.9964402
          ],
          [
            -118.3309536,
            33.9964038
          ]
        ]
      },
      "id": "way/134118535"
    },
    {
      "type": "Feature",
      "properties": {
        "@id": "way/136732119",
        "highway": "residential",
        "lanes": "2",
        "maxspeed": "35 mph",
        "name": "West 48th Street",
        "tiger:cfcc": "A41",
        "tiger:county": "Los Angeles, CA",
        "tiger:name_base": "48th",
        "tiger:name_direction_prefix": "W",
        "tiger:name_type": "St",
        "tiger:zip_left": "90043",
        "tiger:zip_right": "90043"
      },
      "geometry": {
        "type": "LineString",
        "coordinates": [
          [
            -118.3313269,
            34.0000193
          ],
          [
            -118.3315105,
            34.0000205
          ],
          [
            -118.332041,
            34.0000099
          ],
          [
            -118.3330861,
            34.0000092
          ],
          [
            -118.3343131,
            34.0000074
          ],
          [
            -118.3344814,
            34.0000242
          ]
        ]
      },
      "id": "way/136732119"
    },
    {
      "type": "Feature",
      "properties": {
        "@id": "way/148747112",
        "highway": "residential",
        "name": "West Martin Luther King Junior Boulevard",
        "name:etymology:wikidata": "Q8027",
        "name_1": "Martin Luther King Jr Boulevard",
        "oneway": "yes",
        "surface": "asphalt"
      },
      "geometry": {
        "type": "LineString",
        "coordinates": [
          [
            -118.3384585,
            34.013044
          ],
          [
            -118.3385141,
            34.013053
          ],
          [
            -118.3392536,
            34.0135115
          ],
          [
            -118.3400244,
            34.0139953
          ],
          [
            -118.340825,
            34.0144955
          ],
          [
            -118.3415103,
            34.0149218
          ],
          [
            -118.3416136,
            34.0149855
          ]
        ]
      },
      "id": "way/148747112"
    },
    {
      "type": "Feature",
      "properties": {
        "@id": "way/161235649",
        "highway": "residential",
        "name": "Sutro Avenue",
        "tiger:cfcc": "A41",
        "tiger:county": "Los Angeles, CA",
        "tiger:name_base": "Sutro",
        "tiger:name_type": "Ave",
        "tiger:zip_left": "90008",
        "tiger:zip_right": "90008"
      },
      "geometry": {
        "type": "LineString",
        "coordinates": [
          [
            -118.3231049,
            34.0104592
          ],
          [
            -118.3230865,
            34.0103739
          ],
          [
            -118.3230816,
            34.0101086
          ],
          [
            -118.3230768,
            34.0094156
          ],
          [
            -118.323055,
            34.0077971
          ],
          [
            -118.3230492,
            34.007363
          ],
          [
            -118.3230492,
            34.0072011
          ],
          [
            -118.3230527,
            34.0067876
          ],
          [
            -118.3230529,
            34.0067717
          ],
          [
            -118.3230648,
            34.0055238
          ],
          [
            -118.3230653,
            34.0054742
          ],
          [
            -118.3230728,
            34.0052685
          ],
          [
            -118.3231159,
            34.0051363
          ],
          [
            -118.3232135,
            34.0049819
          ],
          [
            -118.3233588,
            34.0048155
          ],
          [
            -118.3235739,
            34.0046154
          ]
        ]
      },
      "id": "way/161235649"
    },
    {
      "type": "Feature",
      "properties": {
        "@id": "way/165560815",
        "highway": "residential",
        "lanes": "2",
        "name": "South Bronson Avenue",
        "surface": "asphalt",
        "tiger:cfcc": "A41",
        "tiger:county": "Los Angeles, CA",
        "tiger:name_base": "Bronson",
        "tiger:name_direction_prefix": "S",
        "tiger:name_type": "Ave",
        "tiger:zip_left": "90018",
        "tiger:zip_right": "90018"
      },
      "geometry": {
        "type": "LineString",
        "coordinates": [
          [
            -118.3326755,
            34.0344853
          ],
          [
            -118.3329806,
            34.0339618
          ],
          [
            -118.3332003,
            34.0335848
          ],
          [
            -118.3334277,
            34.0331948
          ],
          [
            -118.3337812,
            34.0325882
          ],
          [
            -118.3337852,
            34.0320718
          ],
          [
            -118.3337855,
            34.0319034
          ],
          [
            -118.3337867,
            34.0317652
          ],
          [
            -118.3337908,
            34.0311596
          ],
          [
            -118.3337848,
            34.03053
          ],
          [
            -118.3337836,
            34.0303888
          ],
          [
            -118.333778,
            34.0297093
          ],
          [
            -118.3337769,
            34.0294635
          ],
          [
            -118.333803,
            34.0276334
          ],
          [
            -118.3338213,
            34.0261463
          ],
          [
            -118.3338184,
            34.0260844
          ],
          [
            -118.3338086,
            34.025589
          ],
          [
            -118.3338213,
            34.0251077
          ],
          [
            -118.333795,
            34.0237737
          ]
        ]
      },
      "id": "way/165560815"
    },
    {
      "type": "Feature",
      "properties": {
        "@id": "way/165560824",
        "highway": "residential",
        "lanes": "2",
        "name": "West 29th Street",
        "surface": "asphalt"
      },
      "geometry": {
        "type": "LineString",
        "coordinates": [
          [
            -118.3304981,
            34.0294666
          ],
          [
            -118.3316547,
            34.0294831
          ],
          [
            -118.3327335,
            34.0294635
          ],
          [
            -118.3337769,
            34.0294635
          ],
          [
            -118.3344463,
            34.0294649
          ],
          [
            -118.3347693,
            34.029466
          ],
          [
            -118.3351135,
            34.0294672
          ],
          [
            -118.3352768,
            34.0294666
          ],
          [
            -118.335434,
            34.0294661
          ],
          [
            -118.3357813,
            34.0294649
          ],
          [
            -118.3363322,
            34.0294594
          ],
          [
            -118.3369736,
            34.0294572
          ],
          [
            -118.3373853,
            34.0294549
          ],
          [
            -118.3384112,
            34.0294494
          ],
          [
            -118.3394721,
            34.0294427
          ],
          [
            -118.340535,
            34.0294405
          ],
          [
            -118.341705,
            34.0294383
          ],
          [
            -118.3428785,
            34.0294338
          ],
          [
            -118.3439379,
            34.0294316
          ],
          [
            -118.3449884,
            34.0294275
          ],
          [
            -118.3455275,
            34.029423
          ],
          [
            -118.3456643,
            34.0294408
          ],
          [
            -118.3457394,
            34.0294764
          ]
        ]
      },
      "id": "way/165560824"
    },
    {
      "type": "Feature",
      "properties": {
        "@id": "way/165560832",
        "highway": "residential",
        "name": "South Victoria Avenue",
        "surface": "asphalt",
        "tiger:cfcc": "A41",
        "tiger:county": "Los Angeles, CA",
        "tiger:name_base": "Victoria",
        "tiger:name_direction_prefix": "S",
        "tiger:name_type": "Ave",
        "tiger:zip_left": "90016",
        "tiger:zip_right": "90016"
      },
      "geometry": {
        "type": "LineString",
        "coordinates": [
          [
            -118.3363289,
            34.032575
          ],
          [
            -118.3363294,
            34.032063
          ],
          [
            -118.3363304,
            34.0311547
          ],
          [
            -118.3363322,
            34.0294594
          ],
          [
            -118.3363341,
            34.0276222
          ],
          [
            -118.3363358,
            34.0260647
          ],
          [
            -118.3363344,
            34.0255897
          ],
          [
            -118.3363368,
            34.025102
          ],
          [
            -118.3363585,
            34.0240346
          ],
          [
            -118.3363422,
            34.023068
          ],
          [
            -118.3363408,
            34.0229891
          ],
          [
            -118.3363391,
            34.0228865
          ]
        ]
      },
      "id": "way/165560832"
    },
    {
      "type": "Feature",
      "properties": {
        "@id": "way/165560835",
        "cycleway": "shared_lane",
        "highway": "residential",
        "lanes": "2",
        "motor_vehicle": "destination",
        "name": "West 30th Street",
        "surface": "asphalt"
      },
      "geometry": {
        "type": "LineString",
        "coordinates": [
          [
            -118.3212231,
            34.0276492
          ],
          [
            -118.3213295,
            34.0276484
          ],
          [
            -118.3215914,
            34.0276463
          ],
          [
            -118.3218161,
            34.0276469
          ],
          [
            -118.322409,
            34.0276391
          ],
          [
            -118.3230187,
            34.0276435
          ],
          [
            -118.3235202,
            34.0276414
          ],
          [
            -118.323602,
            34.0276411
          ],
          [
            -118.323701,
            34.0276411
          ],
          [
            -118.3247045,
            34.0276406
          ],
          [
            -118.324789,
            34.0276406
          ]
        ]
      },
      "id": "way/165560835"
    },
    {
      "type": "Feature",
      "properties": {
        "@id": "way/165560845",
        "highway": "residential",
        "name": "10th Avenue",
        "tiger:cfcc": "A41",
        "tiger:county": "Los Angeles, CA",
        "tiger:name_base": "10th",
        "tiger:name_type": "Ave",
        "tiger:zip_left": "90018",
        "tiger:zip_right": "90018"
      },
      "geometry": {
        "type": "LineString",
        "coordinates": [
          [
            -118.3282107,
            34.0296302
          ],
          [
            -118.3282453,
            34.0293648
          ],
          [
            -118.328246,
            34.027655
          ],
          [
            -118.3282249,
            34.0260797
          ],
          [
            -118.3282287,
            34.0257126
          ],
          [
            -118.3282309,
            34.0256126
          ],
          [
            -118.3282483,
            34.025512
          ],
          [
            -118.3283158,
            34.0251442
          ],
          [
            -118.328362,
            34.0249011
          ],
          [
            -118.328362,
            34.0230304
          ],
          [
            -118.3283622,
            34.0229322
          ],
          [
            -118.3283614,
            34.0228687
          ],
          [
            -118.3283497,
            34.0214465
          ],
          [
            -118.3283495,
            34.0214177
          ],
          [
            -118.3283512,
            34.0213327
          ]
        ]
      },
      "id": "way/165560845"
    },
    {
      "type": "Feature",
      "properties": {
        "@id": "way/165560848",
        "highway": "residential",
        "name": "West 30th Street",
        "surface": "asphalt",
        "tiger:cfcc": "A41",
        "tiger:county": "Los Angeles, CA",
        "tiger:name_base": "30th",
        "tiger:name_direction_prefix": "W",
        "tiger:name_type": "St",
        "tiger:zip_left": "90018",
        "tiger:zip_right": "90018"
      },
      "geometry": {
        "type": "LineString",
        "coordinates": [
          [
            -118.3089347,
            34.0273997
          ],
          [
            -118.3090383,
            34.0274
          ],
          [
            -118.3090787,
            34.0274001
          ],
          [
            -118.3095072,
            34.0273991
          ],
          [
            -118.3119553,
            34.0273982
          ],
          [
            -118.312047,
            34.0273982
          ],
          [
            -118.3121434,
            34.0273984
          ],
          [
            -118.31516,
            34.0274048
          ],
          [
            -118.3175485,
            34.0273933
          ],
          [
            -118.317666,
            34.0273927
          ]
        ]
      },
      "id": "way/165560848"
    },
    {
      "type": "Feature",
      "properties": {
        "@id": "way/165560854",
        "highway": "residential",
        "name": "8th Avenue",
        "tiger:cfcc": "A41",
        "tiger:county": "Los Angeles, CA",
        "tiger:name_base": "8th",
        "tiger:name_type": "Ave",
        "tiger:zip_left": "90018",
        "tiger:zip_right": "90018"
      },
      "geometry": {
        "type": "LineString",
        "coordinates": [
          [
            -118.3259888,
            34.0296431
          ],
          [
            -118.325973,
            34.0293645
          ],
          [
            -118.3259655,
            34.028649
          ],
          [
            -118.3259598,
            34.0280244
          ],
          [
            -118.3259568,
            34.027741
          ],
          [
            -118.3259561,
            34.0276416
          ],
          [
            -118.3259566,
            34.0275747
          ],
          [
            -118.32597,
            34.0260789
          ],
          [
            -118.3259639,
            34.0257125
          ],
          [
            -118.3259629,
            34.0255994
          ],
          [
            -118.3259649,
            34.025497
          ],
          [
            -118.3259754,
            34.0251351
          ],
          [
            -118.3259645,
            34.0230195
          ],
          [
            -118.3259625,
            34.0229221
          ],
          [
            -118.3259621,
            34.0228542
          ],
          [
            -118.3259636,
            34.0215937
          ]
        ]
      },
      "id": "way/165560854"
    },
    {
      "type": "Feature",
      "properties": {
        "@id": "way/165560855",
        "highway": "residential",
        "lanes": "2",
        "name": "12th Avenue",
        "surface": "asphalt",
        "tiger:cfcc": "A41",
        "tiger:county": "Los Angeles, CA",
        "tiger:name_base": "12th",
        "tiger:name_type": "Ave",
        "tiger:zip_left": "90018",
        "tiger:zip_right": "90018"
      },
      "geometry": {
        "type": "LineString",
        "coordinates": [
          [
            -118.3313312,
            34.0308893
          ],
          [
            -118.3316772,
            34.0304265
          ],
          [
            -118.3316547,
            34.0294831
          ],
          [
            -118.3316555,
            34.0287895
          ],
          [
            -118.3316567,
            34.0282515
          ],
          [
            -118.331658,
            34.0276327
          ],
          [
            -118.3316545,
            34.0270267
          ],
          [
            -118.3316503,
            34.0263109
          ],
          [
            -118.33165,
            34.0262611
          ],
          [
            -118.3316492,
            34.0260812
          ],
          [
            -118.3316522,
            34.0255985
          ],
          [
            -118.3316492,
            34.0251089
          ],
          [
            -118.331649,
            34.0245438
          ],
          [
            -118.3316498,
            34.0233499
          ]
        ]
      },
      "id": "way/165560855"
    },
    {
      "type": "Feature",
      "properties": {
        "@id": "way/165560857",
        "cycleway": "shared_lane",
        "highway": "residential",
        "lanes": "2",
        "motor_vehicle": "destination",
        "name": "4th Avenue",
        "surface": "asphalt",
        "tiger:cfcc": "A41",
        "tiger:county": "Los Angeles, CA",
        "tiger:name_base": "4th",
        "tiger:name_type": "Ave",
        "tiger:zip_left": "90018",
        "tiger:zip_right": "90018"
      },
      "geometry": {
        "type": "LineString",
        "coordinates": [
          [
            -118.3212158,
            34.0296741
          ],
          [
            -118.3212075,
            34.0295156
          ],
          [
            -118.3212354,
            34.028212
          ],
          [
            -118.3212347,
            34.0281968
          ],
          [
            -118.3212231,
            34.0276492
          ],
          [
            -118.3212234,
            34.0275442
          ],
          [
            -118.3212247,
            34.0273904
          ],
          [
            -118.3212187,
            34.0269551
          ],
          [
            -118.3212224,
            34.0267049
          ],
          [
            -118.3212265,
            34.0265051
          ],
          [
            -118.3212296,
            34.0260589
          ],
          [
            -118.3212401,
            34.0256816
          ],
          [
            -118.3212433,
            34.025581
          ]
        ]
      },
      "id": "way/165560857"
    },
    {
      "type": "Feature",
      "properties": {
        "@id": "way/165560859",
        "highway": "residential",
        "name": "11th Avenue",
        "tiger:cfcc": "A41",
        "tiger:county": "Los Angeles, CA",
        "tiger:name_base": "11th",
        "tiger:name_type": "Ave",
        "tiger:zip_left": "90018",
        "tiger:zip_right": "90018"
      },
      "geometry": {
        "type": "LineString",
        "coordinates": [
          [
            -118.3289049,
            34.0298534
          ],
          [
            -118.329319,
            34.0292141
          ],
          [
            -118.3293421,
            34.0277206
          ],
          [
            -118.3293432,
            34.0276594
          ],
          [
            -118.3293421,
            34.0275772
          ],
          [
            -118.3293265,
            34.0260985
          ],
          [
            -118.3293219,
            34.0258438
          ],
          [
            -118.3293196,
            34.0257252
          ],
          [
            -118.3293187,
            34.0255968
          ],
          [
            -118.3293259,
            34.0254969
          ],
          [
            -118.3293555,
            34.0251279
          ],
          [
            -118.3295196,
            34.0229221
          ]
        ]
      },
      "id": "way/165560859"
    },
    {
      "type": "Feature",
      "properties": {
        "@id": "way/165568046",
        "highway": "residential",
        "name": "West 35th Street",
        "surface": "asphalt",
        "tiger:cfcc": "A41",
        "tiger:county": "Los Angeles, CA",
        "tiger:name_base": "35th",
        "tiger:name_direction_prefix": "W",
        "tiger:name_type": "St",
        "tiger:zip_left": "90018",
        "tiger:zip_right": "90018"
      },
      "geometry": {
        "type": "LineString",
        "coordinates": [
          [
            -118.2959137,
            34.0245372
          ],
          [
            -118.2959771,
            34.0245369
          ],
          [
            -118.2960002,
            34.0245368
          ],
          [
            -118.297977,
            34.024542
          ],
          [
            -118.2980084,
            34.024548
          ],
          [
            -118.2980834,
            34.0245622
          ],
          [
            -118.2981643,
            34.0245937
          ],
          [
            -118.2981835,
            34.0246012
          ],
          [
            -118.298572,
            34.024603
          ],
          [
            -118.2994126,
            34.0246061
          ],
          [
            -118.29966,
            34.0246084
          ],
          [
            -118.2999933,
            34.0246099
          ],
          [
            -118.3000953,
            34.0246112
          ],
          [
            -118.3001565,
            34.0246111
          ],
          [
            -118.3002776,
            34.0246132
          ],
          [
            -118.300414,
            34.0246125
          ],
          [
            -118.3004369,
            34.0246124
          ],
          [
            -118.3012025,
            34.0246083
          ],
          [
            -118.3041242,
            34.0246243
          ],
          [
            -118.3041624,
            34.0246245
          ],
          [
            -118.30465,
            34.0246272
          ],
          [
            -118.3046617,
            34.0246273
          ],
          [
            -118.3047484,
            34.0246277
          ],
          [
            -118.3048264,
            34.024628
          ],
          [
            -118.3048686,
            34.0246282
          ],
          [
            -118.3057471,
            34.0246315
          ],
          [
            -118.3068223,
            34.0246355
          ],
          [
            -118.3069142,
            34.0246359
          ],
          [
            -118.3077322,
            34.0246389
          ],
          [
            -118.3087839,
            34.0246428
          ],
          [
            -118.3089074,
            34.0246433
          ],
          [
            -118.3090219,
            34.024643
          ],
          [
            -118.3091364,
            34.0246427
          ],
          [
            -118.3093056,
            34.024643
          ],
          [
            -118.3093182,
            34.024643
          ],
          [
            -118.3118471,
            34.0246404
          ],
          [
            -118.3119195,
            34.0246403
          ],
          [
            -118.3120097,
            34.0246416
          ],
          [
            -118.3125466,
            34.0246381
          ],
          [
            -118.3126778,
            34.0246235
          ],
          [
            -118.3129897,
            34.024575
          ],
          [
            -118.3130968,
            34.0245673
          ],
          [
            -118.3132894,
            34.0245696
          ],
          [
            -118.313844,
            34.0245764
          ],
          [
            -118.3155995,
            34.0245713
          ],
          [
            -118.3156939,
            34.0245718
          ],
          [
            -118.3164195,
            34.0245755
          ],
          [
            -118.3164573,
            34.0245757
          ]
        ]
      },
      "id": "way/165568046"
    },
    {
      "type": "Feature",
      "properties": {
        "@id": "way/165568055",
        "highway": "residential",
        "name": "3rd Avenue",
        "surface": "asphalt",
        "tiger:cfcc": "A41",
        "tiger:county": "Los Angeles, CA",
        "tiger:name_base": "3rd",
        "tiger:name_type": "Ave",
        "tiger:zip_left": "90008",
        "tiger:zip_right": "90008"
      },
      "geometry": {
        "type": "LineString",
        "coordinates": [
          [
            -118.3200524,
            34.0255709
          ],
          [
            -118.3200527,
            34.0254627
          ],
          [
            -118.3200553,
            34.0250907
          ],
          [
            -118.3200602,
            34.0247623
          ],
          [
            -118.3200751,
            34.0238267
          ],
          [
            -118.32009,
            34.0228912
          ],
          [
            -118.3201061,
            34.0221804
          ],
          [
            -118.3201232,
            34.0214579
          ],
          [
            -118.3201338,
            34.0207189
          ],
          [
            -118.3201314,
            34.0203181
          ],
          [
            -118.3201496,
            34.0194669
          ],
          [
            -118.320154,
            34.0193862
          ]
        ]
      },
      "id": "way/165568055"
    },
    {
      "type": "Feature",
      "properties": {
        "@id": "way/165568056",
        "highway": "residential",
        "lanes": "2",
        "name": "South Saint Andrews Place",
        "surface": "asphalt",
        "tiger:name_base": "St Andrews",
        "tiger:name_direction_prefix": "S",
        "tiger:name_type": "Pl"
      },
      "geometry": {
        "type": "LineString",
        "coordinates": [
          [
            -118.3119246,
            34.0255551
          ],
          [
            -118.3119237,
            34.0254803
          ],
          [
            -118.3119234,
            34.0254602
          ],
          [
            -118.3119228,
            34.0252255
          ],
          [
            -118.311923,
            34.0250806
          ],
          [
            -118.31192,
            34.0247046
          ],
          [
            -118.3119195,
            34.0246403
          ],
          [
            -118.3119204,
            34.024577
          ],
          [
            -118.3119179,
            34.0238139
          ],
          [
            -118.3119177,
            34.0237314
          ],
          [
            -118.3119184,
            34.0236467
          ],
          [
            -118.3119193,
            34.0235889
          ],
          [
            -118.3119199,
            34.0235537
          ],
          [
            -118.3119309,
            34.0228784
          ],
          [
            -118.3119319,
            34.0228164
          ],
          [
            -118.3119315,
            34.0227589
          ],
          [
            -118.3119254,
            34.0219494
          ],
          [
            -118.311925,
            34.0218921
          ],
          [
            -118.3119235,
            34.0218319
          ],
          [
            -118.311908,
            34.021212
          ],
          [
            -118.3119087,
            34.0210713
          ],
          [
            -118.3119125,
            34.0203066
          ],
          [
            -118.3119128,
            34.0202367
          ],
          [
            -118.3119118,
            34.0201822
          ],
          [
            -118.3118965,
            34.0193482
          ],
          [
            -118.311905,
            34.0185574
          ],
          [
            -118.311906,
            34.0184729
          ]
        ]
      },
      "id": "way/165568056"
    },
    {
      "type": "Feature",
      "properties": {
        "@id": "way/165568061",
        "highway": "residential",
        "name": "South Van Ness Avenue",
        "surface": "asphalt",
        "tiger:cfcc": "A41",
        "tiger:county": "Los Angeles, CA",
        "tiger:name_base": "Van Ness",
        "tiger:name_direction_prefix": "S",
        "tiger:name_type": "Ave",
        "tiger:zip_left": "90018",
        "tiger:zip_right": "90018"
      },
      "geometry": {
        "type": "LineString",
        "coordinates": [
          [
            -118.3166207,
            34.02364
          ],
          [
            -118.3166203,
            34.0235842
          ],
          [
            -118.3166201,
            34.0235621
          ],
          [
            -118.3166184,
            34.0233002
          ],
          [
            -118.3166136,
            34.0219195
          ],
          [
            -118.3166134,
            34.0218752
          ],
          [
            -118.3166128,
            34.0218164
          ],
          [
            -118.3165976,
            34.0203516
          ],
          [
            -118.316597,
            34.0202941
          ],
          [
            -118.3165971,
            34.0202441
          ],
          [
            -118.3166,
            34.0188004
          ],
          [
            -118.3166009,
            34.0187783
          ],
          [
            -118.316601,
            34.0187215
          ]
        ]
      },
      "id": "way/165568061"
    },
    {
      "type": "Feature",
      "properties": {
        "@id": "way/165568070",
        "highway": "residential",
        "name": "Creed Avenue",
        "tiger:cfcc": "A41",
        "tiger:county": "Los Angeles, CA",
        "tiger:name_base": "Creed",
        "tiger:name_type": "Ave",
        "tiger:zip_left": "90008",
        "tiger:zip_right": "90008"
      },
      "geometry": {
        "type": "LineString",
        "coordinates": [
          [
            -118.3275771,
            34.0083715
          ],
          [
            -118.3285606,
            34.0075372
          ],
          [
            -118.3286932,
            34.0074354
          ],
          [
            -118.3293256,
            34.006895
          ],
          [
            -118.3294142,
            34.0068246
          ],
          [
            -118.3295801,
            34.0067025
          ],
          [
            -118.3300981,
            34.0062724
          ],
          [
            -118.3302851,
            34.0061195
          ],
          [
            -118.33046,
            34.0059765
          ]
        ]
      },
      "id": "way/165568070"
    },
    {
      "type": "Feature",
      "properties": {
        "@id": "way/165568074",
        "highway": "residential",
        "lanes": "2",
        "name": "West 35th Place",
        "surface": "asphalt",
        "tiger:cfcc": "A41",
        "tiger:county": "Los Angeles, CA",
        "tiger:name_base": "35th",
        "tiger:name_direction_prefix": "W",
        "tiger:name_type": "Pl",
        "tiger:reviewed": "no",
        "tiger:zip_left": "90018",
        "tiger:zip_right": "90018"
      },
      "geometry": {
        "type": "LineString",
        "coordinates": [
          [
            -118.3119184,
            34.0236467
          ],
          [
            -118.3120014,
            34.0236465
          ],
          [
            -118.3120543,
            34.0236473
          ],
          [
            -118.3132991,
            34.0236467
          ],
          [
            -118.3137747,
            34.0236456
          ],
          [
            -118.313847,
            34.0236454
          ],
          [
            -118.3139028,
            34.0236454
          ],
          [
            -118.3155335,
            34.0236463
          ],
          [
            -118.3156053,
            34.0236463
          ],
          [
            -118.3156638,
            34.0236461
          ],
          [
            -118.3161136,
            34.0236442
          ],
          [
            -118.3166207,
            34.02364
          ],
          [
            -118.3171383,
            34.0236403
          ],
          [
            -118.3175664,
            34.0236306
          ],
          [
            -118.3175698,
            34.0236305
          ],
          [
            -118.3176504,
            34.0236287
          ]
        ]
      },
      "id": "way/165568074"
    },
    {
      "type": "Feature",
      "properties": {
        "@id": "way/165568077",
        "highway": "residential",
        "name": "Roxton Avenue",
        "tiger:cfcc": "A41",
        "tiger:county": "Los Angeles, CA",
        "tiger:name_base": "Roxton",
        "tiger:name_type": "Ave",
        "tiger:zip_left": "90008",
        "tiger:zip_right": "90008"
      },
      "geometry": {
        "type": "LineString",
        "coordinates": [
          [
            -118.3213362,
            34.0182766
          ],
          [
            -118.3213282,
            34.017947
          ],
          [
            -118.3213243,
            34.0173593
          ],
          [
            -118.3213185,
            34.0164344
          ],
          [
            -118.3213124,
            34.0154718
          ],
          [
            -118.321307,
            34.0146137
          ],
          [
            -118.3213293,
            34.0125256
          ],
          [
            -118.3213419,
            34.0123844
          ],
          [
            -118.3214164,
            34.0121752
          ],
          [
            -118.3215795,
            34.0118637
          ],
          [
            -118.3216798,
            34.0116218
          ],
          [
            -118.3216809,
            34.0114419
          ],
          [
            -118.3216645,
            34.011305
          ],
          [
            -118.3216605,
            34.0112961
          ],
          [
            -118.3216048,
            34.011146
          ],
          [
            -118.3215028,
            34.0109289
          ],
          [
            -118.321462,
            34.0107784
          ]
        ]
      },
      "id": "way/165568077"
    },
    {
      "type": "Feature",
      "properties": {
        "@id": "way/165568078",
        "highway": "residential",
        "name": "Hubert Avenue",
        "tiger:cfcc": "A41",
        "tiger:county": "Los Angeles, CA",
        "tiger:name_base": "Hubert",
        "tiger:name_type": "Ave",
        "tiger:zip_left": "90008",
        "tiger:zip_right": "90008"
      },
      "geometry": {
        "type": "LineString",
        "coordinates": [
          [
            -118.3281268,
            34.0139715
          ],
          [
            -118.3282447,
            34.0138825
          ],
          [
            -118.3283307,
            34.0138229
          ],
          [
            -118.3288711,
            34.0128866
          ],
          [
            -118.3289684,
            34.0126799
          ],
          [
            -118.3290338,
            34.0124213
          ],
          [
            -118.3290504,
            34.0122723
          ],
          [
            -118.3290713,
            34.0109099
          ]
        ]
      },
      "id": "way/165568078"
    },
    {
      "type": "Feature",
      "properties": {
        "@id": "way/165568080",
        "highway": "residential",
        "name": "Somerset Drive",
        "tiger:cfcc": "A41",
        "tiger:county": "Los Angeles, CA",
        "tiger:name_base": "Somerset",
        "tiger:name_type": "Dr",
        "tiger:zip_left": "90016",
        "tiger:zip_right": "90016"
      },
      "geometry": {
        "type": "LineString",
        "coordinates": [
          [
            -118.3373343,
            34.0227784
          ],
          [
            -118.3373309,
            34.0224823
          ],
          [
            -118.3373204,
            34.0215906
          ],
          [
            -118.3373194,
            34.0214638
          ],
          [
            -118.3373246,
            34.0183146
          ],
          [
            -118.3373248,
            34.0182277
          ],
          [
            -118.3373269,
            34.0181478
          ],
          [
            -118.3373576,
            34.017013
          ],
          [
            -118.3376511,
            34.0159506
          ],
          [
            -118.3379251,
            34.0153407
          ],
          [
            -118.3379697,
            34.0152542
          ],
          [
            -118.3380077,
            34.0151679
          ],
          [
            -118.338294,
            34.0146878
          ],
          [
            -118.338722,
            34.0140936
          ],
          [
            -118.3392019,
            34.0135675
          ],
          [
            -118.3392536,
            34.0135115
          ]
        ]
      },
      "id": "way/165568080"
    },
    {
      "type": "Feature",
      "properties": {
        "@id": "way/165568085",
        "highway": "residential",
        "lanes": "2",
        "name": "South Bronson Avenue",
        "surface": "asphalt",
        "tiger:cfcc": "A41",
        "tiger:county": "Los Angeles, CA",
        "tiger:name_base": "Bronson",
        "tiger:name_direction_prefix": "S",
        "tiger:name_type": "Ave",
        "tiger:zip_left": "90008",
        "tiger:zip_right": "90008"
      },
      "geometry": {
        "type": "LineString",
        "coordinates": [
          [
            -118.3339703,
            34.0182301
          ],
          [
            -118.3339646,
            34.0179632
          ],
          [
            -118.3339666,
            34.0170054
          ],
          [
            -118.333967,
            34.0165252
          ],
          [
            -118.3339677,
            34.0161611
          ],
          [
            -118.3339696,
            34.0155025
          ],
          [
            -118.33397,
            34.0152887
          ],
          [
            -118.3339509,
            34.0150753
          ],
          [
            -118.333919,
            34.0148983
          ],
          [
            -118.3338556,
            34.0147033
          ],
          [
            -118.3338188,
            34.014606
          ],
          [
            -118.3337812,
            34.014526
          ],
          [
            -118.3337053,
            34.0141397
          ]
        ]
      },
      "id": "way/165568085"
    },
    {
      "type": "Feature",
      "properties": {
        "@id": "way/165568101",
        "highway": "residential",
        "lanes": "2",
        "name": "South Gramercy Place",
        "tiger:cfcc": "A41",
        "tiger:name_base": "Gramercy",
        "tiger:name_direction_prefix": "S",
        "tiger:name_type": "Pl"
      },
      "geometry": {
        "type": "LineString",
        "coordinates": [
          [
            -118.3138306,
            34.0255531
          ],
          [
            -118.3138308,
            34.0254623
          ],
          [
            -118.3138322,
            34.0253276
          ],
          [
            -118.313844,
            34.0245764
          ],
          [
            -118.3138468,
            34.0236954
          ],
          [
            -118.313847,
            34.0236454
          ],
          [
            -118.3138475,
            34.0235857
          ],
          [
            -118.313854,
            34.0228639
          ],
          [
            -118.3138545,
            34.0228084
          ],
          [
            -118.313854,
            34.0227594
          ],
          [
            -118.3138458,
            34.0219213
          ],
          [
            -118.3138453,
            34.0218751
          ],
          [
            -118.3138462,
            34.0218213
          ],
          [
            -118.3138562,
            34.0212069
          ],
          [
            -118.3138542,
            34.0208766
          ],
          [
            -118.3138514,
            34.0203511
          ],
          [
            -118.313851,
            34.0202852
          ],
          [
            -118.3138511,
            34.0202417
          ],
          [
            -118.3138539,
            34.0185823
          ],
          [
            -118.3138532,
            34.0185626
          ],
          [
            -118.3138544,
            34.0184942
          ]
        ]
      },
      "id": "way/165568101"
    },
    {
      "type": "Feature",
      "properties": {
        "@id": "way/165568107",
        "highway": "residential",
        "name": "Dublin Avenue",
        "tiger:cfcc": "A41",
        "tiger:county": "Los Angeles, CA",
        "tiger:name_base": "Dublin",
        "tiger:name_type": "Ave",
        "tiger:zip_left": "90008",
        "tiger:zip_right": "90008"
      },
      "geometry": {
        "type": "LineString",
        "coordinates": [
          [
            -118.3223958,
            34.0184856
          ],
          [
            -118.3224071,
            34.0181072
          ],
          [
            -118.3224063,
            34.0161461
          ],
          [
            -118.3224079,
            34.0159095
          ],
          [
            -118.3223915,
            34.0156603
          ],
          [
            -118.3222899,
            34.0153039
          ],
          [
            -118.3222499,
            34.0151725
          ],
          [
            -118.3222282,
            34.0150296
          ],
          [
            -118.322223,
            34.0146132
          ],
          [
            -118.3222174,
            34.0137965
          ],
          [
            -118.3222125,
            34.0131073
          ],
          [
            -118.322208,
            34.0124181
          ],
          [
            -118.3222058,
            34.0119889
          ],
          [
            -118.3221723,
            34.0118457
          ],
          [
            -118.3220567,
            34.011767
          ],
          [
            -118.3218971,
            34.0116918
          ],
          [
            -118.3216798,
            34.0116218
          ]
        ]
      },
      "id": "way/165568107"
    },
    {
      "type": "Feature",
      "properties": {
        "@id": "way/165568109",
        "highway": "residential",
        "name": "Garthwaite Avenue",
        "tiger:cfcc": "A41",
        "tiger:county": "Los Angeles, CA",
        "tiger:name_base": "Garthwaite",
        "tiger:name_type": "Ave",
        "tiger:zip_left": "90008",
        "tiger:zip_right": "90008"
      },
      "geometry": {
        "type": "LineString",
        "coordinates": [
          [
            -118.3230768,
            34.0094156
          ],
          [
            -118.3232182,
            34.0094025
          ],
          [
            -118.3239374,
            34.0088252
          ],
          [
            -118.324243,
            34.0085727
          ],
          [
            -118.3252389,
            34.0077794
          ],
          [
            -118.3255557,
            34.007527
          ],
          [
            -118.3260371,
            34.0070965
          ],
          [
            -118.3260452,
            34.0070888
          ],
          [
            -118.3263612,
            34.0067897
          ],
          [
            -118.3267042,
            34.0064962
          ],
          [
            -118.3275467,
            34.0058058
          ],
          [
            -118.327815,
            34.0055972
          ],
          [
            -118.3288434,
            34.0047948
          ],
          [
            -118.3290336,
            34.0046464
          ],
          [
            -118.3293504,
            34.0043992
          ]
        ]
      },
      "id": "way/165568109"
    },
    {
      "type": "Feature",
      "properties": {
        "@id": "way/165568110",
        "highway": "residential",
        "lanes": "2",
        "name": "West 35th Place",
        "surface": "asphalt",
        "tiger:cfcc": "A41",
        "tiger:county": "Los Angeles, CA",
        "tiger:name_base": "35th",
        "tiger:name_direction_prefix": "W",
        "tiger:name_type": "Pl",
        "tiger:zip_left": "90018",
        "tiger:zip_right": "90018"
      },
      "geometry": {
        "type": "LineString",
        "coordinates": [
          [
            -118.2959308,
            34.0236835
          ],
          [
            -118.2959875,
            34.0236836
          ],
          [
            -118.2960103,
            34.0236836
          ],
          [
            -118.298081,
            34.0236905
          ],
          [
            -118.2986378,
            34.0236927
          ],
          [
            -118.2994318,
            34.0236927
          ],
          [
            -118.3000944,
            34.023695
          ],
          [
            -118.3001148,
            34.0236951
          ],
          [
            -118.3002566,
            34.0236956
          ],
          [
            -118.3003735,
            34.0236944
          ],
          [
            -118.3004007,
            34.0236941
          ],
          [
            -118.3009869,
            34.023698
          ],
          [
            -118.3010242,
            34.0236991
          ],
          [
            -118.3023516,
            34.0237005
          ],
          [
            -118.3030045,
            34.0237063
          ],
          [
            -118.3044538,
            34.0237192
          ],
          [
            -118.3046455,
            34.0237209
          ],
          [
            -118.304713,
            34.0237215
          ],
          [
            -118.3048202,
            34.0237216
          ],
          [
            -118.305344,
            34.0237223
          ],
          [
            -118.3057522,
            34.0237229
          ],
          [
            -118.3068238,
            34.0237243
          ],
          [
            -118.3068948,
            34.0237244
          ],
          [
            -118.3078711,
            34.0237256
          ],
          [
            -118.3085463,
            34.0237265
          ],
          [
            -118.3088021,
            34.0237269
          ],
          [
            -118.3088962,
            34.023727
          ],
          [
            -118.3090142,
            34.0237271
          ],
          [
            -118.3095297,
            34.0237277
          ],
          [
            -118.3109739,
            34.0237292
          ],
          [
            -118.3114128,
            34.0237296
          ],
          [
            -118.3117864,
            34.0237309
          ],
          [
            -118.3118321,
            34.0237311
          ],
          [
            -118.3119177,
            34.0237314
          ]
        ]
      },
      "id": "way/165568110"
    },
    {
      "type": "Feature",
      "properties": {
        "@id": "way/165568113",
        "highway": "residential",
        "name": "Virginia Road"
      },
      "geometry": {
        "type": "LineString",
        "coordinates": [
          [
            -118.3379533,
            34.0344656
          ],
          [
            -118.3380533,
            34.0343429
          ],
          [
            -118.3382285,
            34.0341021
          ],
          [
            -118.3393474,
            34.0325643
          ],
          [
            -118.3394718,
            34.0324366
          ],
          [
            -118.3394777,
            34.032052
          ],
          [
            -118.3394653,
            34.0311373
          ],
          [
            -118.3394721,
            34.0294427
          ],
          [
            -118.3394703,
            34.0284871
          ],
          [
            -118.3394697,
            34.0277908
          ],
          [
            -118.339469,
            34.027675
          ],
          [
            -118.339469,
            34.0276088
          ],
          [
            -118.3394747,
            34.0260461
          ],
          [
            -118.3394694,
            34.0255681
          ],
          [
            -118.3394631,
            34.0250894
          ],
          [
            -118.3394539,
            34.0233526
          ]
        ]
      },
      "id": "way/165568113"
    },
    {
      "type": "Feature",
      "properties": {
        "@id": "way/165568117",
        "highway": "residential",
        "lanes": "2",
        "name": "South Norton Avenue",
        "surface": "asphalt",
        "tiger:cfcc": "A41",
        "tiger:county": "Los Angeles, CA",
        "tiger:name_base": "Norton",
        "tiger:name_direction_prefix": "S",
        "tiger:name_type": "Ave",
        "tiger:zip_left": "90008",
        "tiger:zip_right": "90008"
      },
      "geometry": {
        "type": "LineString",
        "coordinates": [
          [
            -118.3329135,
            34.021011
          ],
          [
            -118.3329108,
            34.020579
          ],
          [
            -118.332924,
            34.0182378
          ],
          [
            -118.332907,
            34.0158481
          ],
          [
            -118.3329141,
            34.0154273
          ],
          [
            -118.3329079,
            34.0152713
          ],
          [
            -118.3328848,
            34.0150329
          ],
          [
            -118.3328162,
            34.0146949
          ],
          [
            -118.332786,
            34.0146067
          ],
          [
            -118.3327503,
            34.0145298
          ],
          [
            -118.3324136,
            34.0139146
          ],
          [
            -118.3319746,
            34.013197
          ],
          [
            -118.3317722,
            34.0128653
          ],
          [
            -118.3316669,
            34.0126402
          ]
        ]
      },
      "id": "way/165568117"
    },
    {
      "type": "Feature",
      "properties": {
        "@id": "way/165568120",
        "highway": "residential",
        "name": "2nd Avenue",
        "tiger:cfcc": "A41",
        "tiger:county": "Los Angeles, CA",
        "tiger:name_base": "2nd",
        "tiger:name_type": "Ave",
        "tiger:zip_left": "90008",
        "tiger:zip_right": "90008"
      },
      "geometry": {
        "type": "LineString",
        "coordinates": [
          [
            -118.3188704,
            34.0255563
          ],
          [
            -118.3188769,
            34.0253266
          ],
          [
            -118.3188838,
            34.0250822
          ],
          [
            -118.3188892,
            34.0246222
          ],
          [
            -118.3189015,
            34.0237152
          ],
          [
            -118.318913,
            34.0228864
          ],
          [
            -118.3189342,
            34.0219102
          ],
          [
            -118.3189548,
            34.0209832
          ],
          [
            -118.3189705,
            34.0202985
          ],
          [
            -118.3189728,
            34.0191961
          ],
          [
            -118.3189731,
            34.0191207
          ]
        ]
      },
      "id": "way/165568120"
    },
    {
      "type": "Feature",
      "properties": {
        "@id": "way/165568122",
        "highway": "residential",
        "name": "South Victoria Avenue",
        "surface": "asphalt",
        "tiger:cfcc": "A41",
        "tiger:county": "Los Angeles, CA",
        "tiger:name_base": "Victoria",
        "tiger:name_direction_prefix": "S",
        "tiger:name_type": "Ave",
        "tiger:zip_left": "90008",
        "tiger:zip_right": "90008"
      },
      "geometry": {
        "type": "LineString",
        "coordinates": [
          [
            -118.3363285,
            34.0226204
          ],
          [
            -118.3363293,
            34.0223399
          ],
          [
            -118.3363307,
            34.0215781
          ],
          [
            -118.3363319,
            34.0214602
          ],
          [
            -118.3363313,
            34.0213396
          ],
          [
            -118.3363338,
            34.020587
          ],
          [
            -118.3363342,
            34.0204429
          ],
          [
            -118.3363368,
            34.0198914
          ],
          [
            -118.3363388,
            34.0183168
          ],
          [
            -118.3363394,
            34.0182241
          ],
          [
            -118.3363395,
            34.0181412
          ],
          [
            -118.3363444,
            34.017362
          ],
          [
            -118.3363991,
            34.0169047
          ],
          [
            -118.3364854,
            34.0165106
          ],
          [
            -118.3367084,
            34.0157467
          ],
          [
            -118.3370207,
            34.0150173
          ],
          [
            -118.3370586,
            34.0149341
          ],
          [
            -118.3370966,
            34.0148571
          ],
          [
            -118.3373535,
            34.0143906
          ],
          [
            -118.337891,
            34.0136467
          ],
          [
            -118.3384143,
            34.0130661
          ],
          [
            -118.3384585,
            34.013044
          ]
        ]
      },
      "id": "way/165568122"
    },
    {
      "type": "Feature",
      "properties": {
        "@id": "way/165568128",
        "highway": "residential",
        "name": "Wellington Road",
        "tiger:cfcc": "A41",
        "tiger:county": "Los Angeles, CA",
        "tiger:name_base": "Wellington",
        "tiger:name_type": "Rd",
        "tiger:zip_left": "90008",
        "tiger:zip_right": "90008"
      },
      "geometry": {
        "type": "LineString",
        "coordinates": [
          [
            -118.3383037,
            34.0229392
          ],
          [
            -118.3383012,
            34.0226247
          ],
          [
            -118.338292,
            34.0215808
          ],
          [
            -118.3382918,
            34.0214674
          ],
          [
            -118.3383066,
            34.0183279
          ],
          [
            -118.3383071,
            34.0182314
          ],
          [
            -118.3383077,
            34.0181478
          ],
          [
            -118.3383135,
            34.0174327
          ],
          [
            -118.3384164,
            34.0168413
          ],
          [
            -118.338581,
            34.016301
          ],
          [
            -118.3388329,
            34.0156565
          ],
          [
            -118.3388735,
            34.0155682
          ],
          [
            -118.3389137,
            34.0154966
          ],
          [
            -118.3391564,
            34.0150644
          ],
          [
            -118.3395529,
            34.0145165
          ],
          [
            -118.3400244,
            34.0139953
          ]
        ]
      },
      "id": "way/165568128"
    },
    {
      "type": "Feature",
      "properties": {
        "@id": "way/165568130",
        "highway": "residential",
        "name": "Cherrywood Avenue",
        "tiger:cfcc": "A41",
        "tiger:county": "Los Angeles, CA",
        "tiger:name_base": "Cherrywood",
        "tiger:name_type": "Ave",
        "tiger:zip_left": "90018",
        "tiger:zip_right": "90018"
      },
      "geometry": {
        "type": "LineString",
        "coordinates": [
          [
            -118.329055,
            34.020102
          ],
          [
            -118.3290527,
            34.0197256
          ],
          [
            -118.3290612,
            34.0182516
          ],
          [
            -118.3290754,
            34.0146897
          ],
          [
            -118.3290856,
            34.0146089
          ],
          [
            -118.3290982,
            34.0145253
          ],
          [
            -118.3292238,
            34.0141453
          ],
          [
            -118.3293767,
            34.0138609
          ],
          [
            -118.3296696,
            34.0133571
          ],
          [
            -118.3298574,
            34.0130078
          ],
          [
            -118.3299815,
            34.0127486
          ],
          [
            -118.3300621,
            34.01252
          ],
          [
            -118.3301411,
            34.0122221
          ],
          [
            -118.330193,
            34.0119591
          ],
          [
            -118.3302218,
            34.0116558
          ],
          [
            -118.3302272,
            34.010918
          ]
        ]
      },
      "id": "way/165568130"
    },
    {
      "type": "Feature",
      "properties": {
        "@id": "way/165665922",
        "highway": "residential",
        "name": "Lorado Way",
        "tiger:cfcc": "A41",
        "tiger:county": "Los Angeles, CA",
        "tiger:name_base": "Lorado",
        "tiger:name_type": "Way",
        "tiger:zip_left": "90043",
        "tiger:zip_right": "90043"
      },
      "geometry": {
        "type": "LineString",
        "coordinates": [
          [
            -118.3390894,
            33.9972429
          ],
          [
            -118.3391352,
            33.9971622
          ],
          [
            -118.3392801,
            33.9969311
          ],
          [
            -118.3393865,
            33.9967345
          ],
          [
            -118.3394776,
            33.9966332
          ],
          [
            -118.3396353,
            33.9965262
          ],
          [
            -118.3398004,
            33.9964618
          ],
          [
            -118.3402951,
            33.9963342
          ],
          [
            -118.3405169,
            33.9962504
          ],
          [
            -118.3406904,
            33.9961455
          ],
          [
            -118.3407976,
            33.996074
          ],
          [
            -118.3409045,
            33.9959712
          ],
          [
            -118.3410302,
            33.9958619
          ],
          [
            -118.3412134,
            33.9957841
          ],
          [
            -118.3419006,
            33.9955748
          ],
          [
            -118.3420842,
            33.9955425
          ],
          [
            -118.3430436,
            33.9955485
          ],
          [
            -118.3431607,
            33.9955597
          ],
          [
            -118.3432773,
            33.9956135
          ],
          [
            -118.3434152,
            33.9956818
          ],
          [
            -118.3436139,
            33.9958172
          ],
          [
            -118.3439302,
            33.9960619
          ],
          [
            -118.3440946,
            33.9961425
          ],
          [
            -118.3442534,
            33.9961869
          ],
          [
            -118.3444581,
            33.9962141
          ],
          [
            -118.3450394,
            33.9962233
          ]
        ]
      },
      "id": "way/165665922"
    },
    {
      "type": "Feature",
      "properties": {
        "@id": "way/165665926",
        "highway": "residential",
        "name": "Brynhurst Avenue",
        "tiger:cfcc": "A41",
        "tiger:county": "Los Angeles, CA",
        "tiger:name_base": "Brynhurst",
        "tiger:name_type": "Ave",
        "tiger:zip_left": "90043",
        "tiger:zip_right": "90043"
      },
      "geometry": {
        "type": "LineString",
        "coordinates": [
          [
            -118.3312068,
            34.0022364
          ],
          [
            -118.3312933,
            34.0022224
          ],
          [
            -118.3313156,
            34.0022188
          ],
          [
            -118.3317225,
            34.0021558
          ],
          [
            -118.3321326,
            34.0020863
          ],
          [
            -118.3322317,
            34.0020695
          ],
          [
            -118.332332,
            34.0020486
          ],
          [
            -118.3324385,
            34.0020142
          ],
          [
            -118.3325417,
            34.0019485
          ],
          [
            -118.3328157,
            34.0016196
          ],
          [
            -118.3329053,
            34.0014428
          ],
          [
            -118.3331017,
            34.0006424
          ],
          [
            -118.3330861,
            34.0000092
          ]
        ]
      },
      "id": "way/165665926"
    },
    {
      "type": "Feature",
      "properties": {
        "@id": "way/165665930",
        "highway": "residential",
        "name": "South Mullen Avenue",
        "tiger:cfcc": "A41",
        "tiger:county": "Los Angeles, CA",
        "tiger:name_base": "Mullen",
        "tiger:name_direction_prefix": "S",
        "tiger:name_type": "Ave"
      },
      "geometry": {
        "type": "LineString",
        "coordinates": [
          [
            -118.3394122,
            34.0022874
          ],
          [
            -118.3393634,
            34.0021783
          ],
          [
            -118.3392711,
            34.0020416
          ],
          [
            -118.339007,
            34.0017156
          ],
          [
            -118.3389245,
            34.0015519
          ],
          [
            -118.3388717,
            34.0013903
          ],
          [
            -118.3388089,
            34.0011947
          ],
          [
            -118.3387598,
            34.0010926
          ],
          [
            -118.3386933,
            34.00099
          ],
          [
            -118.3380898,
            34.0006077
          ],
          [
            -118.337886,
            34.0004415
          ],
          [
            -118.3377228,
            34.0002604
          ],
          [
            -118.3375859,
            34.0000623
          ],
          [
            -118.3375013,
            33.999869
          ],
          [
            -118.3374868,
            33.9996444
          ],
          [
            -118.3375266,
            33.9994408
          ],
          [
            -118.3376742,
            33.9990205
          ],
          [
            -118.3377916,
            33.9987341
          ],
          [
            -118.337799,
            33.9986925
          ],
          [
            -118.3378033,
            33.9986625
          ],
          [
            -118.3377901,
            33.9985661
          ]
        ]
      },
      "id": "way/165665930"
    },
    {
      "type": "Feature",
      "properties": {
        "@id": "way/165665931",
        "highway": "residential",
        "name": "Angeles Vista Boulevard",
        "tiger:cfcc": "A41",
        "tiger:county": "Los Angeles, CA",
        "tiger:name_base": "Angeles Vista",
        "tiger:name_type": "Blvd",
        "tiger:zip_left": "90043",
        "tiger:zip_right": "90043"
      },
      "geometry": {
        "type": "LineString",
        "coordinates": [
          [
            -118.337362,
            34.0071282
          ],
          [
            -118.337275,
            34.0070747
          ],
          [
            -118.3371848,
            34.0070032
          ],
          [
            -118.3371387,
            34.006921
          ],
          [
            -118.3370718,
            34.006693
          ],
          [
            -118.3369424,
            34.0063874
          ],
          [
            -118.3367772,
            34.0060299
          ],
          [
            -118.3364528,
            34.0054616
          ],
          [
            -118.3357049,
            34.0044131
          ]
        ]
      },
      "id": "way/165665931"
    },
    {
      "type": "Feature",
      "properties": {
        "@id": "way/165665934",
        "highway": "residential",
        "name": "South Mullen Avenue",
        "tiger:cfcc": "A41",
        "tiger:county": "Los Angeles, CA",
        "tiger:name_base": "Mullen",
        "tiger:name_direction_prefix": "S",
        "tiger:name_type": "Ave"
      },
      "geometry": {
        "type": "LineString",
        "coordinates": [
          [
            -118.3381077,
            33.9983036
          ],
          [
            -118.338353,
            33.9980869
          ],
          [
            -118.3386607,
            33.9978173
          ],
          [
            -118.3387581,
            33.9977138
          ],
          [
            -118.3388357,
            33.9976188
          ],
          [
            -118.33898,
            33.9974079
          ],
          [
            -118.3390894,
            33.9972429
          ]
        ]
      },
      "id": "way/165665934"
    },
    {
      "type": "Feature",
      "properties": {
        "@id": "way/165665936",
        "highway": "residential",
        "name": "Homeland Drive",
        "tiger:cfcc": "A41",
        "tiger:county": "Los Angeles, CA",
        "tiger:name_base": "Homeland",
        "tiger:name_type": "Dr",
        "tiger:zip_left": "90008",
        "tiger:zip_right": "90008"
      },
      "geometry": {
        "type": "LineString",
        "coordinates": [
          [
            -118.3364926,
            34.0040183
          ],
          [
            -118.3367991,
            34.0038625
          ],
          [
            -118.3370761,
            34.0037521
          ],
          [
            -118.3373766,
            34.00367
          ],
          [
            -118.3376792,
            34.003622
          ],
          [
            -118.3383124,
            34.003616
          ],
          [
            -118.3385382,
            34.0035727
          ],
          [
            -118.338706,
            34.0035048
          ],
          [
            -118.3388809,
            34.0033714
          ],
          [
            -118.3392523,
            34.0029576
          ],
          [
            -118.3393403,
            34.0028322
          ],
          [
            -118.3393919,
            34.0027213
          ],
          [
            -118.339428,
            34.0025679
          ],
          [
            -118.3394429,
            34.0023995
          ],
          [
            -118.3394122,
            34.0022874
          ]
        ]
      },
      "id": "way/165665936"
    },
    {
      "type": "Feature",
      "properties": {
        "@id": "way/165665937",
        "highway": "residential",
        "name": "Chesley Avenue",
        "surface": "asphalt",
        "tiger:cfcc": "A41",
        "tiger:county": "Los Angeles, CA",
        "tiger:name_base": "Chesley",
        "tiger:name_type": "Ave",
        "tiger:zip_left": "90043",
        "tiger:zip_right": "90043"
      },
      "geometry": {
        "type": "LineString",
        "coordinates": [
          [
            -118.3352749,
            33.9985295
          ],
          [
            -118.335212,
            33.9984606
          ],
          [
            -118.3350995,
            33.9983205
          ],
          [
            -118.3350319,
            33.9981639
          ],
          [
            -118.3349543,
            33.9980072
          ],
          [
            -118.33484,
            33.9978354
          ],
          [
            -118.3345649,
            33.9974762
          ],
          [
            -118.3344746,
            33.9972311
          ],
          [
            -118.3344374,
            33.9970701
          ],
          [
            -118.3344305,
            33.9967094
          ],
          [
            -118.3344416,
            33.9949451
          ],
          [
            -118.3344443,
            33.9930934
          ],
          [
            -118.3344585,
            33.9908438
          ],
          [
            -118.3344841,
            33.9893062
          ],
          [
            -118.3344876,
            33.9890927
          ],
          [
            -118.33449,
            33.9889869
          ]
        ]
      },
      "id": "way/165665937"
    },
    {
      "type": "Feature",
      "properties": {
        "@id": "way/165665939",
        "highway": "residential",
        "lane_markings": "no",
        "name": "Fairway Boulevard",
        "surface": "asphalt",
        "tiger:cfcc": "A41",
        "tiger:county": "Los Angeles, CA",
        "tiger:name_base": "Fairway",
        "tiger:name_type": "Blvd",
        "tiger:separated": "no",
        "tiger:source": "tiger_import_dch_v0.6_20070809",
        "tiger:tlid": "141602696:141602698",
        "tiger:zip_left": "90043",
        "tiger:zip_right": "90043"
      },
      "geometry": {
        "type": "LineString",
        "coordinates": [
          [
            -118.3355549,
            34.002586
          ],
          [
            -118.3354561,
            34.0024277
          ],
          [
            -118.3353387,
            34.0022841
          ],
          [
            -118.3352644,
            34.0021809
          ],
          [
            -118.3352446,
            34.0020906
          ],
          [
            -118.3352571,
            34.0019884
          ],
          [
            -118.3353306,
            34.0018793
          ],
          [
            -118.3358613,
            34.0014502
          ],
          [
            -118.3365442,
            34.0013263
          ],
          [
            -118.3373047,
            34.001307
          ],
          [
            -118.3375693,
            34.001227
          ]
        ]
      },
      "id": "way/165665939"
    },
    {
      "type": "Feature",
      "properties": {
        "@id": "way/165665940",
        "highway": "residential",
        "name": "Aureola Boulevard",
        "tiger:cfcc": "A41",
        "tiger:county": "Los Angeles, CA",
        "tiger:name_base": "Aureola",
        "tiger:name_type": "Blvd",
        "tiger:separated": "no",
        "tiger:source": "tiger_import_dch_v0.6_20070809",
        "tiger:tlid": "141602693",
        "tiger:zip_left": "90008",
        "tiger:zip_right": "90008"
      },
      "geometry": {
        "type": "LineString",
        "coordinates": [
          [
            -118.3358002,
            34.0030148
          ],
          [
            -118.3360812,
            34.0030557
          ],
          [
            -118.3363151,
            34.0030889
          ],
          [
            -118.3364532,
            34.0030759
          ],
          [
            -118.3365955,
            34.0030405
          ],
          [
            -118.336805,
            34.0029803
          ],
          [
            -118.336963,
            34.0029414
          ],
          [
            -118.3372746,
            34.0029223
          ],
          [
            -118.3375905,
            34.0029054
          ],
          [
            -118.3378351,
            34.002912
          ],
          [
            -118.33799,
            34.0029239
          ],
          [
            -118.3381319,
            34.0029164
          ],
          [
            -118.3382471,
            34.002873
          ],
          [
            -118.3383114,
            34.0028108
          ],
          [
            -118.3383439,
            34.002722
          ],
          [
            -118.3383463,
            34.0026383
          ],
          [
            -118.3383069,
            34.0025078
          ],
          [
            -118.3382132,
            34.0022259
          ]
        ]
      },
      "id": "way/165665940"
    },
    {
      "type": "Feature",
      "properties": {
        "@id": "way/165665942",
        "highway": "residential",
        "name": "Mullen Place",
        "tiger:cfcc": "A41",
        "tiger:county": "Los Angeles, CA",
        "tiger:name_base": "Mullen",
        "tiger:name_type": "Pl",
        "tiger:separated": "no",
        "tiger:source": "tiger_import_dch_v0.6_20070809",
        "tiger:tlid": "141602707",
        "tiger:zip_left": "90043",
        "tiger:zip_right": "90043"
      },
      "geometry": {
        "type": "LineString",
        "coordinates": [
          [
            -118.3366989,
            33.9990791
          ],
          [
            -118.3368927,
            33.9989869
          ],
          [
            -118.3376152,
            33.9986364
          ],
          [
            -118.3377901,
            33.9985661
          ],
          [
            -118.3379431,
            33.9984438
          ],
          [
            -118.3381077,
            33.9983036
          ]
        ]
      },
      "id": "way/165665942"
    },
    {
      "type": "Feature",
      "properties": {
        "@id": "way/165665945",
        "highway": "residential",
        "name": "Circle View Boulevard",
        "tiger:cfcc": "A41",
        "tiger:county": "Los Angeles, CA",
        "tiger:name_base": "Circle View",
        "tiger:name_type": "Blvd",
        "tiger:separated": "no",
        "tiger:source": "tiger_import_dch_v0.6_20070809",
        "tiger:tlid": "141602697:141602474:141602475",
        "tiger:zip_left": "90043",
        "tiger:zip_right": "90043"
      },
      "geometry": {
        "type": "LineString",
        "coordinates": [
          [
            -118.3382132,
            34.0022259
          ],
          [
            -118.3381014,
            34.0019261
          ],
          [
            -118.3380038,
            34.001638
          ],
          [
            -118.337937,
            34.0015123
          ],
          [
            -118.3377767,
            34.0013625
          ],
          [
            -118.3375693,
            34.001227
          ],
          [
            -118.3372668,
            34.0010147
          ],
          [
            -118.3371182,
            34.0008697
          ],
          [
            -118.336708,
            34.0003434
          ],
          [
            -118.3366782,
            34.000244
          ],
          [
            -118.3366367,
            34.0000319
          ]
        ]
      },
      "id": "way/165665945"
    },
    {
      "type": "Feature",
      "properties": {
        "@id": "way/165665947",
        "highway": "residential",
        "name": "Northland Drive",
        "tiger:cfcc": "A41",
        "tiger:county": "Los Angeles, CA",
        "tiger:name_base": "Northland",
        "tiger:name_type": "Dr",
        "tiger:zip_left": "90008",
        "tiger:zip_right": "90008"
      },
      "geometry": {
        "type": "LineString",
        "coordinates": [
          [
            -118.3369634,
            34.0046682
          ],
          [
            -118.3370489,
            34.0046446
          ],
          [
            -118.337171,
            34.0046489
          ],
          [
            -118.3380419,
            34.0048768
          ],
          [
            -118.3381833,
            34.0049396
          ],
          [
            -118.3383857,
            34.0050637
          ],
          [
            -118.3385481,
            34.0051115
          ],
          [
            -118.3387154,
            34.0051153
          ],
          [
            -118.3388819,
            34.0050864
          ],
          [
            -118.3389885,
            34.0050315
          ],
          [
            -118.3390824,
            34.0049652
          ],
          [
            -118.3395484,
            34.0045331
          ],
          [
            -118.3398705,
            34.0042303
          ],
          [
            -118.3399675,
            34.0041015
          ],
          [
            -118.3400325,
            34.0039592
          ],
          [
            -118.3400638,
            34.0038074
          ],
          [
            -118.3400744,
            34.0035204
          ],
          [
            -118.3400931,
            34.0033877
          ],
          [
            -118.3401218,
            34.0032621
          ],
          [
            -118.340169,
            34.0031328
          ],
          [
            -118.3404099,
            34.0026855
          ],
          [
            -118.3404518,
            34.0025894
          ],
          [
            -118.3404727,
            34.0024904
          ],
          [
            -118.3404718,
            34.0023604
          ],
          [
            -118.3404399,
            34.0021746
          ],
          [
            -118.3404156,
            34.0020603
          ]
        ]
      },
      "id": "way/165665947"
    },
    {
      "type": "Feature",
      "properties": {
        "@id": "way/165665955",
        "highway": "residential",
        "name": "Angeles Vista Boulevard",
        "oneway": "yes"
      },
      "geometry": {
        "type": "LineString",
        "coordinates": [
          [
            -118.3341264,
            34.0021811
          ],
          [
            -118.3340663,
            34.002112
          ],
          [
            -118.3340165,
            34.0020699
          ],
          [
            -118.3339977,
            34.0020576
          ],
          [
            -118.3339072,
            34.0019962
          ]
        ]
      },
      "id": "way/165665955"
    },
    {
      "type": "Feature",
      "properties": {
        "@id": "way/165665956",
        "highway": "residential",
        "name": "Olympiad Drive",
        "tiger:cfcc": "A41",
        "tiger:county": "Los Angeles, CA",
        "tiger:name_base": "Olympiad",
        "tiger:name_type": "Dr",
        "tiger:zip_left": "90043",
        "tiger:zip_right": "90043"
      },
      "geometry": {
        "type": "LineString",
        "coordinates": [
          [
            -118.3343169,
            34.0018087
          ],
          [
            -118.3344104,
            34.0017791
          ],
          [
            -118.3345596,
            34.0016993
          ],
          [
            -118.3346923,
            34.0015923
          ],
          [
            -118.3347525,
            34.0015181
          ],
          [
            -118.3348522,
            34.0013058
          ],
          [
            -118.3350029,
            34.0009341
          ],
          [
            -118.3350721,
            34.0007877
          ],
          [
            -118.3351678,
            34.0006428
          ],
          [
            -118.3353393,
            34.0004568
          ],
          [
            -118.3354475,
            34.0003213
          ],
          [
            -118.3355175,
            34.0001778
          ],
          [
            -118.3356552,
            33.9997023
          ],
          [
            -118.3357638,
            33.9995271
          ],
          [
            -118.3358908,
            33.9993739
          ],
          [
            -118.3360336,
            33.9992689
          ],
          [
            -118.3362159,
            33.9992005
          ],
          [
            -118.3365616,
            33.9991099
          ],
          [
            -118.3366989,
            33.9990791
          ]
        ]
      },
      "id": "way/165665956"
    },
    {
      "type": "Feature",
      "properties": {
        "@id": "way/165665958",
        "highway": "residential",
        "name": "Hillcrest Drive",
        "surface": "asphalt",
        "tiger:cfcc": "A41",
        "tiger:county": "Los Angeles, CA",
        "tiger:name_base": "Hillcrest",
        "tiger:name_type": "Dr",
        "tiger:zip_left": "90043",
        "tiger:zip_right": "90043"
      },
      "geometry": {
        "type": "LineString",
        "coordinates": [
          [
            -118.3373825,
            33.997592
          ],
          [
            -118.3373129,
            33.997511
          ],
          [
            -118.3369078,
            33.9970428
          ],
          [
            -118.3368174,
            33.9968976
          ],
          [
            -118.3367267,
            33.9966833
          ],
          [
            -118.3366786,
            33.9964969
          ],
          [
            -118.3366768,
            33.9949342
          ],
          [
            -118.3366916,
            33.9930778
          ],
          [
            -118.3366939,
            33.9908208
          ],
          [
            -118.3366945,
            33.990715
          ],
          [
            -118.3367042,
            33.9889777
          ]
        ]
      },
      "id": "way/165665958"
    },
    {
      "type": "Feature",
      "properties": {
        "@id": "way/165665959",
        "highway": "residential",
        "name": "Fairway Boulevard",
        "tiger:cfcc": "A41",
        "tiger:county": "Los Angeles, CA",
        "tiger:name_base": "Fairway",
        "tiger:name_type": "Blvd",
        "tiger:separated": "no",
        "tiger:source": "tiger_import_dch_v0.6_20070809",
        "tiger:tlid": "141602404:141602423:141601546",
        "tiger:zip_left": "90043",
        "tiger:zip_right": "90043"
      },
      "geometry": {
        "type": "LineString",
        "coordinates": [
          [
            -118.3386933,
            34.00099
          ],
          [
            -118.3388353,
            34.0010236
          ],
          [
            -118.3391974,
            34.0010492
          ],
          [
            -118.3396732,
            34.001123
          ],
          [
            -118.3404993,
            34.0012564
          ],
          [
            -118.3411749,
            34.0012883
          ],
          [
            -118.3424414,
            34.0013377
          ],
          [
            -118.3435358,
            34.0013759
          ],
          [
            -118.3436578,
            34.0013633
          ],
          [
            -118.3437769,
            34.0013511
          ],
          [
            -118.3451364,
            34.0009881
          ],
          [
            -118.3458161,
            34.0009499
          ],
          [
            -118.3463268,
            34.0010544
          ],
          [
            -118.3475992,
            34.0014769
          ],
          [
            -118.3485235,
            34.0014324
          ],
          [
            -118.3493471,
            34.0015401
          ],
          [
            -118.3496809,
            34.0015315
          ],
          [
            -118.3508274,
            34.0014803
          ],
          [
            -118.3511274,
            34.0015063
          ],
          [
            -118.351361,
            34.0015761
          ],
          [
            -118.3515649,
            34.0017071
          ],
          [
            -118.3517033,
            34.0018451
          ],
          [
            -118.3517457,
            34.0018926
          ],
          [
            -118.3518106,
            34.0019653
          ]
        ]
      },
      "id": "way/165665959"
    },
    {
      "type": "Feature",
      "properties": {
        "@id": "way/165665960",
        "highway": "residential",
        "name": "11th Avenue",
        "surface": "asphalt",
        "tiger:cfcc": "A41",
        "tiger:county": "Los Angeles, CA",
        "tiger:name_base": "11th",
        "tiger:name_type": "Ave",
        "tiger:zip_left": "90043",
        "tiger:zip_right": "90043"
      },
      "geometry": {
        "type": "LineString",
        "coordinates": [
          [
            -118.3293658,
            34.003655
          ],
          [
            -118.329363,
            34.0035521
          ],
          [
            -118.3293583,
            34.0031978
          ],
          [
            -118.3293601,
            34.0028756
          ],
          [
            -118.3293636,
            34.0023536
          ],
          [
            -118.3293785,
            34.0019026
          ],
          [
            -118.329379,
            34.0018892
          ],
          [
            -118.3293807,
            34.0018378
          ],
          [
            -118.3293808,
            34.0017886
          ],
          [
            -118.3293809,
            34.0017732
          ],
          [
            -118.3293865,
            34.0000395
          ],
          [
            -118.3293854,
            33.9990446
          ],
          [
            -118.3293846,
            33.9981719
          ],
          [
            -118.3293929,
            33.9977352
          ],
          [
            -118.3294003,
            33.9968498
          ],
          [
            -118.3294089,
            33.9959403
          ],
          [
            -118.3294054,
            33.9950921
          ],
          [
            -118.3294054,
            33.9950644
          ],
          [
            -118.329403,
            33.9949765
          ],
          [
            -118.3294045,
            33.9948963
          ],
          [
            -118.3294184,
            33.9936546
          ],
          [
            -118.3294148,
            33.993528
          ],
          [
            -118.3294118,
            33.9932548
          ],
          [
            -118.3294118,
            33.993139
          ],
          [
            -118.329412,
            33.9930274
          ],
          [
            -118.3294178,
            33.9922342
          ],
          [
            -118.3294311,
            33.9915998
          ],
          [
            -118.3294319,
            33.9914866
          ],
          [
            -118.329431,
            33.991386
          ],
          [
            -118.3294316,
            33.9912853
          ],
          [
            -118.3294312,
            33.9908716
          ],
          [
            -118.3294284,
            33.9904357
          ],
          [
            -118.3294242,
            33.9897649
          ],
          [
            -118.3294213,
            33.9891388
          ],
          [
            -118.3294208,
            33.989021
          ]
        ]
      },
      "id": "way/165665960"
    },
    {
      "type": "Feature",
      "properties": {
        "@id": "way/165665961",
        "highway": "residential",
        "name": "Olympiad Drive",
        "tiger:cfcc": "A41",
        "tiger:county": "Los Angeles, CA",
        "tiger:name_base": "Olympiad",
        "tiger:name_type": "Dr",
        "tiger:separated": "no",
        "tiger:source": "tiger_import_dch_v0.6_20070809",
        "tiger:tlid": "141602407:141602409:141602419:141602424:141602450:141602452:141602454:141602473:141602485:141601548",
        "tiger:zip_left": "90043",
        "tiger:zip_right": "90043"
      },
      "geometry": {
        "type": "LineString",
        "coordinates": [
          [
            -118.3366989,
            33.9990791
          ],
          [
            -118.336828,
            33.9991482
          ],
          [
            -118.3375266,
            33.9994408
          ],
          [
            -118.3376263,
            33.9994714
          ],
          [
            -118.3381137,
            33.9996227
          ],
          [
            -118.3383743,
            33.9997512
          ],
          [
            -118.3390092,
            34.0001311
          ],
          [
            -118.3392815,
            34.0002517
          ],
          [
            -118.3395817,
            34.0003474
          ],
          [
            -118.3397796,
            34.0003884
          ],
          [
            -118.3399377,
            34.0004105
          ],
          [
            -118.34102,
            34.0005799
          ],
          [
            -118.3413367,
            34.0006018
          ],
          [
            -118.3420948,
            34.0006311
          ],
          [
            -118.3427047,
            34.0006563
          ],
          [
            -118.3430611,
            34.0005983
          ],
          [
            -118.3440807,
            34.0003947
          ],
          [
            -118.3450559,
            34.0002471
          ],
          [
            -118.3459652,
            34.000204
          ],
          [
            -118.3475477,
            34.0007105
          ],
          [
            -118.3483159,
            34.0007394
          ],
          [
            -118.3493396,
            34.0007366
          ],
          [
            -118.350548,
            34.0006636
          ],
          [
            -118.3510469,
            34.0006921
          ],
          [
            -118.351697,
            34.0008431
          ],
          [
            -118.3522778,
            34.0010971
          ],
          [
            -118.3526566,
            34.0013882
          ],
          [
            -118.3527215,
            34.0014381
          ]
        ]
      },
      "id": "way/165665961"
    },
    {
      "type": "Feature",
      "properties": {
        "@id": "way/165665963",
        "highway": "residential",
        "maxspeed": "25 mph",
        "name": "Palmero Boulevard",
        "tiger:cfcc": "A41",
        "tiger:county": "Los Angeles, CA",
        "tiger:name_base": "Palmero",
        "tiger:name_type": "Blvd",
        "tiger:zip_left": "90008",
        "tiger:zip_right": "90008"
      },
      "geometry": {
        "type": "LineString",
        "coordinates": [
          [
            -118.3380155,
            34.0064814
          ],
          [
            -118.3379458,
            34.0063903
          ],
          [
            -118.3379203,
            34.0063557
          ],
          [
            -118.3377116,
            34.0058695
          ],
          [
            -118.3375544,
            34.0055676
          ],
          [
            -118.3373578,
            34.005234
          ],
          [
            -118.3370894,
            34.0048383
          ],
          [
            -118.3369634,
            34.0046682
          ]
        ]
      },
      "id": "way/165665963"
    },
    {
      "type": "Feature",
      "properties": {
        "@id": "way/165774483",
        "highway": "residential",
        "name": "Lockland Drive",
        "tiger:cfcc": "A41",
        "tiger:county": "Los Angeles, CA",
        "tiger:name_base": "Lockland",
        "tiger:name_type": "Dr",
        "tiger:zip_left": "90008",
        "tiger:zip_right": "90008"
      },
      "geometry": {
        "type": "LineString",
        "coordinates": [
          [
            -118.3398345,
            34.0080214
          ],
          [
            -118.3399071,
            34.0080847
          ],
          [
            -118.3399573,
            34.0082224
          ],
          [
            -118.3400929,
            34.0085939
          ],
          [
            -118.3401198,
            34.0087181
          ],
          [
            -118.3401247,
            34.0088784
          ],
          [
            -118.3401389,
            34.0089613
          ],
          [
            -118.3401819,
            34.009025
          ],
          [
            -118.3401884,
            34.0090347
          ],
          [
            -118.3404618,
            34.009354
          ],
          [
            -118.3407509,
            34.0096789
          ],
          [
            -118.3411023,
            34.0100739
          ]
        ]
      },
      "id": "way/165774483"
    },
    {
      "type": "Feature",
      "properties": {
        "@id": "way/165884077",
        "highway": "residential",
        "name": "West 49th Street",
        "tiger:cfcc": "A41",
        "tiger:county": "Los Angeles, CA",
        "tiger:name_base": "49th",
        "tiger:name_direction_prefix": "W",
        "tiger:name_type": "St",
        "tiger:zip_left": "90062",
        "tiger:zip_right": "90062"
      },
      "geometry": {
        "type": "LineString",
        "coordinates": [
          [
            -118.3089191,
            33.9990494
          ],
          [
            -118.309077,
            33.9990481
          ],
          [
            -118.30913,
            33.9990476
          ],
          [
            -118.3095677,
            33.9990442
          ],
          [
            -118.3113469,
            33.9990287
          ],
          [
            -118.3133032,
            33.9990132
          ],
          [
            -118.313844,
            33.9990096
          ]
        ]
      },
      "id": "way/165884077"
    },
    {
      "type": "Feature",
      "properties": {
        "@id": "way/165884160",
        "highway": "residential",
        "name": "South Wilton Place",
        "tiger:cfcc": "A41",
        "tiger:county": "Los Angeles, CA",
        "tiger:name_base": "Wilton",
        "tiger:name_direction_prefix": "S",
        "tiger:name_type": "Pl",
        "tiger:zip_left": "90062",
        "tiger:zip_right": "90062"
      },
      "geometry": {
        "type": "LineString",
        "coordinates": [
          [
            -118.3149307,
            34.0037092
          ],
          [
            -118.3149466,
            34.0000624
          ],
          [
            -118.3149465,
            33.9998127
          ],
          [
            -118.3149538,
            33.9964033
          ],
          [
            -118.314954,
            33.9957049
          ],
          [
            -118.3149559,
            33.9950474
          ],
          [
            -118.3149545,
            33.9937194
          ],
          [
            -118.3149584,
            33.99323
          ],
          [
            -118.3149579,
            33.9927382
          ],
          [
            -118.314956,
            33.9909985
          ],
          [
            -118.314956,
            33.9909518
          ],
          [
            -118.3149561,
            33.9908916
          ],
          [
            -118.3149588,
            33.9895906
          ],
          [
            -118.31496,
            33.9892125
          ],
          [
            -118.31495,
            33.989182
          ],
          [
            -118.3149209,
            33.9891138
          ],
          [
            -118.314886,
            33.9890774
          ],
          [
            -118.3148469,
            33.9890268
          ],
          [
            -118.3148553,
            33.9873126
          ],
          [
            -118.3148695,
            33.985861
          ]
        ]
      },
      "id": "way/165884160"
    },
    {
      "type": "Feature",
      "properties": {
        "@id": "way/166999428",
        "highway": "residential",
        "lanes": "2",
        "name": "West 36th Place",
        "surface": "asphalt"
      },
      "geometry": {
        "type": "LineString",
        "coordinates": [
          [
            -118.3176554,
            34.0218512
          ],
          [
            -118.3175704,
            34.0218548
          ],
          [
            -118.3171275,
            34.0218738
          ],
          [
            -118.3166759,
            34.021875
          ],
          [
            -118.3166134,
            34.0218752
          ],
          [
            -118.316549,
            34.0218753
          ],
          [
            -118.316103,
            34.0218763
          ],
          [
            -118.3156618,
            34.0218754
          ],
          [
            -118.3155888,
            34.0218753
          ],
          [
            -118.3155192,
            34.0218753
          ],
          [
            -118.3139126,
            34.0218751
          ],
          [
            -118.3138453,
            34.0218751
          ],
          [
            -118.3137777,
            34.0218754
          ],
          [
            -118.3132997,
            34.0218741
          ],
          [
            -118.3132682,
            34.0218738
          ],
          [
            -118.3128242,
            34.0218762
          ],
          [
            -118.311997,
            34.0218908
          ],
          [
            -118.311925,
            34.0218921
          ],
          [
            -118.3118319,
            34.0218923
          ],
          [
            -118.3115709,
            34.021893
          ],
          [
            -118.3093648,
            34.0218943
          ],
          [
            -118.3090145,
            34.0218929
          ],
          [
            -118.3089048,
            34.0218924
          ],
          [
            -118.3087962,
            34.0218926
          ],
          [
            -118.3086368,
            34.0218928
          ],
          [
            -118.3058324,
            34.0218895
          ],
          [
            -118.3047112,
            34.0218884
          ],
          [
            -118.3039032,
            34.0218836
          ],
          [
            -118.302943,
            34.0218828
          ],
          [
            -118.3028344,
            34.0218835
          ],
          [
            -118.302224,
            34.0218853
          ],
          [
            -118.3012331,
            34.0218858
          ],
          [
            -118.3003514,
            34.0218875
          ],
          [
            -118.3002197,
            34.0218878
          ]
        ]
      },
      "id": "way/166999428"
    },
    {
      "type": "Feature",
      "properties": {
        "@id": "way/173256738",
        "highway": "residential",
        "name": "West 37th Street",
        "tiger:cfcc": "A41",
        "tiger:county": "Los Angeles, CA",
        "tiger:name_base": "37th",
        "tiger:name_direction_prefix": "W",
        "tiger:name_type": "St",
        "tiger:zip_left": "90018",
        "tiger:zip_right": "90018"
      },
      "geometry": {
        "type": "LineString",
        "coordinates": [
          [
            -118.3088938,
            34.0210757
          ],
          [
            -118.3090191,
            34.0210713
          ],
          [
            -118.309063,
            34.0210713
          ],
          [
            -118.3091936,
            34.0210713
          ],
          [
            -118.3093635,
            34.0210713
          ],
          [
            -118.3111663,
            34.0210713
          ],
          [
            -118.311577,
            34.0210713
          ],
          [
            -118.3118308,
            34.0210713
          ],
          [
            -118.3119087,
            34.0210713
          ]
        ]
      },
      "id": "way/173256738"
    },
    {
      "type": "Feature",
      "properties": {
        "@id": "way/173256739",
        "highway": "residential",
        "name": "South Wilton Place"
      },
      "geometry": {
        "type": "LineString",
        "coordinates": [
          [
            -118.3148243,
            34.0202927
          ],
          [
            -118.314824,
            34.020244
          ],
          [
            -118.3148239,
            34.0202203
          ],
          [
            -118.3148151,
            34.0186032
          ],
          [
            -118.3148153,
            34.0185889
          ],
          [
            -118.3148157,
            34.0185227
          ]
        ]
      },
      "id": "way/173256739"
    },
    {
      "type": "Feature",
      "properties": {
        "@id": "way/173879099",
        "foot": "yes",
        "highway": "residential",
        "name": "Degnan Boulevard",
        "oneway": "no",
        "sidewalk": "both",
        "surface": "concrete",
        "tiger:cfcc": "A41",
        "tiger:county": "Los Angeles, CA",
        "tiger:name_base": "Degnan; 11th",
        "tiger:name_type": "Blvd; Ave",
        "tiger:zip_left": "90008; 90018",
        "tiger:zip_right": "90008; 90018"
      },
      "geometry": {
        "type": "LineString",
        "coordinates": [
          [
            -118.331471,
            34.0059901
          ],
          [
            -118.3314718,
            34.005911
          ],
          [
            -118.3314812,
            34.0050213
          ],
          [
            -118.331481,
            34.0043482
          ],
          [
            -118.331483,
            34.0042416
          ]
        ]
      },
      "id": "way/173879099"
    },
    {
      "type": "Feature",
      "properties": {
        "@id": "way/173879346",
        "highway": "residential",
        "oneway": "yes"
      },
      "geometry": {
        "type": "LineString",
        "coordinates": [
          [
            -118.3288555,
            34.0044053
          ],
          [
            -118.3289553,
            34.0044759
          ],
          [
            -118.329009,
            34.0045559
          ],
          [
            -118.3290336,
            34.0046464
          ]
        ]
      },
      "id": "way/173879346"
    },
    {
      "type": "Feature",
      "properties": {
        "@id": "way/173879348",
        "highway": "residential",
        "name": "West 43rd Place",
        "tiger:cfcc": "A41",
        "tiger:county": "Los Angeles, CA",
        "tiger:name_base": "43rd",
        "tiger:name_direction_prefix": "W",
        "tiger:name_type": "Pl",
        "tiger:zip_left": "90008",
        "tiger:zip_right": "90008"
      },
      "geometry": {
        "type": "LineString",
        "coordinates": [
          [
            -118.3293504,
            34.0043992
          ],
          [
            -118.3299138,
            34.004335
          ],
          [
            -118.330357,
            34.0042845
          ],
          [
            -118.3304769,
            34.0042709
          ]
        ]
      },
      "id": "way/173879348"
    },
    {
      "type": "Feature",
      "properties": {
        "@id": "way/173879349",
        "highway": "residential",
        "name": "8th Avenue",
        "surface": "asphalt",
        "tiger:cfcc": "A41",
        "tiger:county": "Los Angeles, CA",
        "tiger:name_base": "8th",
        "tiger:name_type": "Ave",
        "tiger:reviewed": "no",
        "tiger:zip_left": "90043",
        "tiger:zip_right": "90043"
      },
      "geometry": {
        "type": "LineString",
        "coordinates": [
          [
            -118.3257962,
            34.0000402
          ],
          [
            -118.3258012,
            33.9981719
          ],
          [
            -118.3258026,
            33.9977907
          ],
          [
            -118.3258035,
            33.997381
          ],
          [
            -118.325824,
            33.9965708
          ],
          [
            -118.3258257,
            33.9957975
          ],
          [
            -118.3258211,
            33.995114
          ],
          [
            -118.3258208,
            33.9950775
          ],
          [
            -118.3258146,
            33.9950109
          ]
        ]
      },
      "id": "way/173879349"
    },
    {
      "type": "Feature",
      "properties": {
        "@id": "way/173879351",
        "highway": "residential",
        "name": "West 43rd Place",
        "oneway": "-1",
        "tiger:cfcc": "A41",
        "tiger:county": "Los Angeles, CA",
        "tiger:name_base": "43rd",
        "tiger:name_direction_prefix": "W",
        "tiger:name_type": "Pl",
        "tiger:separated": "no",
        "tiger:source": "tiger_import_dch_v0.6_20070809",
        "tiger:tlid": "141602680:141602689:141602691:141602772:141602793:141602797:141606345:141606347:141606355:141602762",
        "tiger:zip_left": "90008",
        "tiger:zip_right": "90008"
      },
      "geometry": {
        "type": "LineString",
        "coordinates": [
          [
            -118.3288555,
            34.0044053
          ],
          [
            -118.3293504,
            34.0043992
          ]
        ]
      },
      "id": "way/173879351"
    },
    {
      "type": "Feature",
      "properties": {
        "@id": "way/174025284",
        "highway": "residential",
        "name": "West 47th Street",
        "tiger:cfcc": "A41",
        "tiger:county": "Los Angeles, CA",
        "tiger:name_base": "47th",
        "tiger:name_direction_prefix": "W",
        "tiger:name_type": "St",
        "tiger:zip_left": "90062",
        "tiger:zip_right": "90062"
      },
      "geometry": {
        "type": "LineString",
        "coordinates": [
          [
            -118.3113475,
            34.0010085
          ],
          [
            -118.3133031,
            34.0010029
          ],
          [
            -118.3137439,
            34.0010008
          ],
          [
            -118.3138406,
            34.0010003
          ]
        ]
      },
      "id": "way/174025284"
    },
    {
      "type": "Feature",
      "properties": {
        "@id": "way/174720506",
        "highway": "residential",
        "name": "Hepburn Avenue",
        "oneway": "yes"
      },
      "geometry": {
        "type": "LineString",
        "coordinates": [
          [
            -118.3251278,
            34.0187786
          ],
          [
            -118.3251162,
            34.0188913
          ],
          [
            -118.3250991,
            34.0189289
          ],
          [
            -118.3250841,
            34.0189609
          ],
          [
            -118.3250403,
            34.0189977
          ],
          [
            -118.3250241,
            34.0190113
          ]
        ]
      },
      "id": "way/174720506"
    },
    {
      "type": "Feature",
      "properties": {
        "@id": "way/174720507",
        "highway": "residential",
        "name": "Hepburn Avenue",
        "oneway": "yes"
      },
      "geometry": {
        "type": "LineString",
        "coordinates": [
          [
            -118.3253388,
            34.0189086
          ],
          [
            -118.3253021,
            34.0188986
          ],
          [
            -118.3252278,
            34.0188802
          ],
          [
            -118.3251761,
            34.0188475
          ],
          [
            -118.3251278,
            34.0187786
          ]
        ]
      },
      "id": "way/174720507"
    },
    {
      "type": "Feature",
      "properties": {
        "@id": "way/174720524",
        "highway": "residential",
        "name": "3rd Avenue",
        "oneway": "yes"
      },
      "geometry": {
        "type": "LineString",
        "coordinates": [
          [
            -118.3204585,
            34.0186385
          ],
          [
            -118.3206886,
            34.0182592
          ]
        ]
      },
      "id": "way/174720524"
    },
    {
      "type": "Feature",
      "properties": {
        "@id": "way/176111507",
        "highway": "residential",
        "name": "Monteith Drive",
        "tiger:cfcc": "A41",
        "tiger:county": "Los Angeles, CA",
        "tiger:name_base": "Monteith",
        "tiger:name_type": "Dr",
        "tiger:zip_left": "90043",
        "tiger:zip_right": "90043"
      },
      "geometry": {
        "type": "LineString",
        "coordinates": [
          [
            -118.3379431,
            33.9984438
          ],
          [
            -118.3380472,
            33.9985062
          ],
          [
            -118.3397203,
            33.999568
          ],
          [
            -118.3399248,
            33.9996664
          ],
          [
            -118.3401462,
            33.999731
          ],
          [
            -118.3409252,
            33.9998607
          ],
          [
            -118.341244,
            33.9999011
          ],
          [
            -118.3414782,
            33.9999065
          ],
          [
            -118.3417571,
            33.9998824
          ],
          [
            -118.3420968,
            33.9998415
          ],
          [
            -118.3430643,
            33.9999118
          ]
        ]
      },
      "id": "way/176111507"
    },
    {
      "type": "Feature",
      "properties": {
        "@id": "way/177359939",
        "highway": "residential",
        "lanes": "2",
        "name": "West 36th Street",
        "surface": "asphalt",
        "tiger:cfcc": "A41",
        "tiger:county": "Los Angeles, CA",
        "tiger:name_base": "36th",
        "tiger:name_direction_prefix": "W",
        "tiger:name_type": "St",
        "tiger:zip_left": "90018",
        "tiger:zip_right": "90018"
      },
      "geometry": {
        "type": "LineString",
        "coordinates": [
          [
            -118.291561,
            34.0231119
          ],
          [
            -118.2917109,
            34.0231122
          ],
          [
            -118.2917314,
            34.0231123
          ],
          [
            -118.2920366,
            34.0231155
          ],
          [
            -118.2925014,
            34.0231152
          ],
          [
            -118.2934219,
            34.0231186
          ],
          [
            -118.2937711,
            34.0230866
          ],
          [
            -118.2938385,
            34.0230804
          ],
          [
            -118.2938946,
            34.0230756
          ],
          [
            -118.2945478,
            34.0230201
          ],
          [
            -118.2949158,
            34.0229888
          ],
          [
            -118.2951772,
            34.0229648
          ],
          [
            -118.2958705,
            34.0229014
          ],
          [
            -118.2959452,
            34.0228946
          ],
          [
            -118.2959993,
            34.0228901
          ],
          [
            -118.2973781,
            34.022775
          ],
          [
            -118.2987715,
            34.0227771
          ],
          [
            -118.3000967,
            34.0227842
          ],
          [
            -118.3002325,
            34.0227849
          ],
          [
            -118.3003532,
            34.0227849
          ],
          [
            -118.3014878,
            34.0227847
          ],
          [
            -118.3019995,
            34.0227877
          ],
          [
            -118.3029701,
            34.0227935
          ],
          [
            -118.3041861,
            34.0228007
          ],
          [
            -118.3046338,
            34.0228025
          ],
          [
            -118.3047152,
            34.0228028
          ],
          [
            -118.3047963,
            34.0228029
          ],
          [
            -118.305664,
            34.0228044
          ],
          [
            -118.3061647,
            34.0228052
          ],
          [
            -118.3071021,
            34.0228068
          ],
          [
            -118.3086303,
            34.0228093
          ],
          [
            -118.308789,
            34.0228095
          ],
          [
            -118.3089026,
            34.0228097
          ],
          [
            -118.3090205,
            34.02281
          ],
          [
            -118.3093664,
            34.0228107
          ],
          [
            -118.3118233,
            34.0228162
          ],
          [
            -118.3119319,
            34.0228164
          ],
          [
            -118.3119991,
            34.0228161
          ],
          [
            -118.3133035,
            34.0228107
          ],
          [
            -118.3137789,
            34.0228087
          ],
          [
            -118.3138545,
            34.0228084
          ],
          [
            -118.3139078,
            34.0228079
          ],
          [
            -118.3154917,
            34.0227943
          ],
          [
            -118.315529,
            34.022794
          ],
          [
            -118.3155794,
            34.0227935
          ]
        ]
      },
      "id": "way/177359939"
    },
    {
      "type": "Feature",
      "properties": {
        "@id": "way/190452694",
        "cycleway:left": "shared_lane",
        "cycleway:right": "lane",
        "highway": "residential",
        "name": "2nd Avenue",
        "tiger:cfcc": "A41",
        "tiger:county": "Los Angeles, CA",
        "tiger:name_base": "2nd",
        "tiger:name_type": "Ave",
        "tiger:zip_left": "90008",
        "tiger:zip_right": "90008"
      },
      "geometry": {
        "type": "LineString",
        "coordinates": [
          [
            -118.319272,
            33.9931965
          ],
          [
            -118.3192989,
            33.991106
          ],
          [
            -118.3193014,
            33.9909425
          ],
          [
            -118.3193021,
            33.9908794
          ],
          [
            -118.3193222,
            33.9890997
          ]
        ]
      },
      "id": "way/190452694"
    },
    {
      "type": "Feature",
      "properties": {
        "@id": "way/209114780",
        "highway": "residential",
        "lanes": "2",
        "name": "2nd Avenue",
        "surface": "paved",
        "tiger:cfcc": "A41",
        "tiger:county": "Los Angeles, CA",
        "tiger:name_base": "2nd",
        "tiger:name_type": "Ave",
        "tiger:zip_left": "90008",
        "tiger:zip_right": "90008"
      },
      "geometry": {
        "type": "LineString",
        "coordinates": [
          [
            -118.319048,
            34.018919
          ],
          [
            -118.3191972,
            34.018555
          ],
          [
            -118.3193153,
            34.0182666
          ],
          [
            -118.319305,
            34.014615
          ],
          [
            -118.3192907,
            34.0136305
          ],
          [
            -118.3192944,
            34.0126471
          ],
          [
            -118.3192975,
            34.0118289
          ],
          [
            -118.3193,
            34.0111683
          ],
          [
            -118.3193013,
            34.0108135
          ],
          [
            -118.3193,
            34.0106972
          ],
          [
            -118.3192967,
            34.0103087
          ],
          [
            -118.3192849,
            34.009012
          ],
          [
            -118.3192852,
            34.0089373
          ],
          [
            -118.3192864,
            34.0086015
          ],
          [
            -118.3192891,
            34.0079511
          ],
          [
            -118.3192921,
            34.007255
          ],
          [
            -118.3193032,
            34.005486
          ],
          [
            -118.3192891,
            34.0041475
          ],
          [
            -118.3192895,
            34.0041406
          ],
          [
            -118.3192902,
            34.0038144
          ],
          [
            -118.3192871,
            34.0038006
          ],
          [
            -118.3192804,
            34.0037676
          ],
          [
            -118.3192497,
            34.0036869
          ],
          [
            -118.3192348,
            34.0036353
          ],
          [
            -118.319229,
            34.0035938
          ],
          [
            -118.319224,
            34.0032326
          ],
          [
            -118.3192259,
            34.0026199
          ],
          [
            -118.3192287,
            34.0017416
          ],
          [
            -118.3192312,
            34.0009278
          ],
          [
            -118.3192336,
            34.0001631
          ],
          [
            -118.319234,
            34.0000496
          ]
        ]
      },
      "id": "way/209114780"
    },
    {
      "type": "Feature",
      "properties": {
        "@id": "way/209114781",
        "highway": "residential",
        "lanes": "2",
        "name": "3rd Avenue",
        "surface": "asphalt",
        "tiger:cfcc": "A41",
        "tiger:county": "Los Angeles, CA",
        "tiger:name_base": "3rd",
        "tiger:name_type": "Ave",
        "tiger:zip_left": "90008",
        "tiger:zip_right": "90008"
      },
      "geometry": {
        "type": "LineString",
        "coordinates": [
          [
            -118.3202554,
            34.0191221
          ],
          [
            -118.3204585,
            34.0186385
          ],
          [
            -118.3204652,
            34.0185234
          ],
          [
            -118.3204268,
            34.0183768
          ],
          [
            -118.3203771,
            34.0182617
          ],
          [
            -118.3203724,
            34.0146143
          ],
          [
            -118.3203673,
            34.0138566
          ],
          [
            -118.3203676,
            34.012796
          ],
          [
            -118.3203679,
            34.0119067
          ],
          [
            -118.3203686,
            34.0117196
          ],
          [
            -118.3203689,
            34.0107988
          ],
          [
            -118.3203683,
            34.0106813
          ],
          [
            -118.3203665,
            34.0102909
          ],
          [
            -118.3203605,
            34.009008
          ],
          [
            -118.3203606,
            34.0089335
          ],
          [
            -118.3203606,
            34.0084047
          ],
          [
            -118.3203621,
            34.0072381
          ],
          [
            -118.320361,
            34.0054748
          ],
          [
            -118.3203678,
            34.0041434
          ],
          [
            -118.3203613,
            34.003792
          ],
          [
            -118.3203617,
            34.0037743
          ],
          [
            -118.3203468,
            34.0036855
          ],
          [
            -118.3203375,
            34.003622
          ],
          [
            -118.3203364,
            34.0035944
          ],
          [
            -118.3203291,
            34.0032311
          ],
          [
            -118.3203297,
            34.0027822
          ],
          [
            -118.3203312,
            34.0018595
          ],
          [
            -118.3203326,
            34.0009522
          ],
          [
            -118.3203345,
            34.0001642
          ],
          [
            -118.3203348,
            34.0000463
          ],
          [
            -118.3203353,
            33.9999418
          ],
          [
            -118.3203379,
            33.9994468
          ],
          [
            -118.3203442,
            33.9985018
          ],
          [
            -118.3203489,
            33.9977857
          ],
          [
            -118.3203544,
            33.9969407
          ],
          [
            -118.3203613,
            33.9958978
          ],
          [
            -118.3203672,
            33.9950292
          ],
          [
            -118.320367,
            33.9933084
          ],
          [
            -118.320367,
            33.9931918
          ],
          [
            -118.3203678,
            33.9930788
          ],
          [
            -118.3203838,
            33.9909349
          ],
          [
            -118.3203759,
            33.9891957
          ],
          [
            -118.3203754,
            33.9890955
          ]
        ]
      },
      "id": "way/209114781"
    },
    {
      "type": "Feature",
      "properties": {
        "@id": "way/247359406",
        "highway": "residential"
      },
      "geometry": {
        "type": "LineString",
        "coordinates": [
          [
            -118.325844,
            34.0055105
          ],
          [
            -118.3256708,
            34.0055105
          ]
        ]
      },
      "id": "way/247359406"
    },
    {
      "type": "Feature",
      "properties": {
        "@id": "way/248402530",
        "highway": "residential",
        "maxspeed": "35 mph",
        "name": "South Van Ness Avenue",
        "oneway": "yes",
        "tiger:cfcc": "A41",
        "tiger:county": "Los Angeles, CA",
        "tiger:name_base": "Van Ness",
        "tiger:name_direction_prefix": "S",
        "tiger:name_type": "Ave",
        "tiger:zip_left": "90062",
        "tiger:zip_right": "90062"
      },
      "geometry": {
        "type": "LineString",
        "coordinates": [
          [
            -118.3171386,
            33.9920998
          ],
          [
            -118.3171356,
            33.992736
          ],
          [
            -118.3171356,
            33.9932253
          ]
        ]
      },
      "id": "way/248402530"
    },
    {
      "type": "Feature",
      "properties": {
        "@id": "way/248402811",
        "highway": "residential"
      },
      "geometry": {
        "type": "LineString",
        "coordinates": [
          [
            -118.3314997,
            34.0073571
          ],
          [
            -118.3313976,
            34.0073571
          ]
        ]
      },
      "id": "way/248402811"
    },
    {
      "type": "Feature",
      "properties": {
        "@id": "way/271395566",
        "highway": "residential",
        "name": "Coliseum Place",
        "tiger:cfcc": "A41",
        "tiger:county": "Los Angeles, CA",
        "tiger:name_base": "Coliseum",
        "tiger:name_type": "Pl",
        "tiger:zip_left": "90008",
        "tiger:zip_right": "90008"
      },
      "geometry": {
        "type": "LineString",
        "coordinates": [
          [
            -118.3353521,
            34.0164243
          ],
          [
            -118.3358603,
            34.0164413
          ],
          [
            -118.3359796,
            34.0164477
          ],
          [
            -118.3364854,
            34.0165106
          ]
        ]
      },
      "id": "way/271395566"
    },
    {
      "type": "Feature",
      "properties": {
        "@id": "way/295753830",
        "highway": "residential",
        "name": "6th Avenue",
        "tiger:cfcc": "A41",
        "tiger:county": "Los Angeles, CA",
        "tiger:name_base": "6th",
        "tiger:name_type": "Ave",
        "tiger:zip_left": "90043",
        "tiger:zip_right": "90043"
      },
      "geometry": {
        "type": "LineString",
        "coordinates": [
          [
            -118.3239374,
            34.0088252
          ],
          [
            -118.3239384,
            34.0083779
          ],
          [
            -118.3239345,
            34.0077909
          ],
          [
            -118.3239316,
            34.0073582
          ],
          [
            -118.3239306,
            34.0072061
          ],
          [
            -118.3239264,
            34.0055194
          ],
          [
            -118.3239256,
            34.0052237
          ],
          [
            -118.323908,
            34.005113
          ],
          [
            -118.3238673,
            34.0050058
          ],
          [
            -118.3237748,
            34.0048709
          ],
          [
            -118.3235739,
            34.0046154
          ],
          [
            -118.3235749,
            34.0044278
          ],
          [
            -118.3235768,
            34.004065
          ],
          [
            -118.3235774,
            34.0037865
          ],
          [
            -118.3235789,
            34.0036737
          ],
          [
            -118.3235785,
            34.0035907
          ],
          [
            -118.3235806,
            34.0033459
          ],
          [
            -118.3235813,
            34.0032176
          ],
          [
            -118.3235885,
            34.0018582
          ],
          [
            -118.3235735,
            34.0000527
          ],
          [
            -118.3236026,
            33.99918
          ],
          [
            -118.323607,
            33.998365
          ],
          [
            -118.32361,
            33.9977986
          ],
          [
            -118.3236135,
            33.9970997
          ],
          [
            -118.3236192,
            33.9959723
          ],
          [
            -118.3236215,
            33.9950185
          ],
          [
            -118.3236285,
            33.9942244
          ],
          [
            -118.3236322,
            33.993602
          ],
          [
            -118.3236345,
            33.9931714
          ],
          [
            -118.3236365,
            33.9927949
          ],
          [
            -118.3236464,
            33.9909121
          ],
          [
            -118.3236562,
            33.9890704
          ]
        ]
      },
      "id": "way/295753830"
    },
    {
      "type": "Feature",
      "properties": {
        "@id": "way/295757629",
        "highway": "residential",
        "lanes": "2",
        "name": "West 57th Street",
        "surface": "asphalt",
        "tiger:cfcc": "A41",
        "tiger:county": "Los Angeles, CA",
        "tiger:name_base": "57th",
        "tiger:name_direction_prefix": "W",
        "tiger:name_type": "St",
        "tiger:zip_left": "90043",
        "tiger:zip_right": "90043"
      },
      "geometry": {
        "type": "LineString",
        "coordinates": [
          [
            -118.3193014,
            33.9909425
          ],
          [
            -118.3198625,
            33.99094
          ],
          [
            -118.3203838,
            33.9909349
          ],
          [
            -118.3214692,
            33.9909353
          ],
          [
            -118.3225484,
            33.9909198
          ],
          [
            -118.3236464,
            33.9909121
          ],
          [
            -118.324752,
            33.9909044
          ],
          [
            -118.3258313,
            33.9908968
          ],
          [
            -118.3269651,
            33.9908889
          ],
          [
            -118.328188,
            33.9908803
          ],
          [
            -118.3294312,
            33.9908716
          ],
          [
            -118.3299083,
            33.9908694
          ],
          [
            -118.3301009,
            33.9908685
          ],
          [
            -118.3305109,
            33.9908701
          ],
          [
            -118.3305551,
            33.9908703
          ],
          [
            -118.3306987,
            33.9908708
          ]
        ]
      },
      "id": "way/295757629"
    },
    {
      "type": "Feature",
      "properties": {
        "@id": "way/295757631",
        "highway": "residential",
        "name": "McClung Drive",
        "name_1": "Mc Clung Drive",
        "tiger:cfcc": "A41",
        "tiger:county": "Los Angeles, CA",
        "tiger:name_base": "McClung",
        "tiger:name_base_1": "Mc Clung",
        "tiger:name_type": "Dr",
        "tiger:name_type_1": "Dr",
        "tiger:zip_left": "90008",
        "tiger:zip_right": "90008"
      },
      "geometry": {
        "type": "LineString",
        "coordinates": [
          [
            -118.3341164,
            34.0109415
          ],
          [
            -118.3341162,
            34.0105021
          ],
          [
            -118.3341163,
            34.0104331
          ],
          [
            -118.334116,
            34.0102944
          ],
          [
            -118.3341167,
            34.0100702
          ],
          [
            -118.3341163,
            34.0097001
          ],
          [
            -118.3341177,
            34.0088945
          ],
          [
            -118.334118,
            34.0085137
          ],
          [
            -118.3341153,
            34.0084156
          ],
          [
            -118.3340959,
            34.0081692
          ],
          [
            -118.3340677,
            34.008028
          ],
          [
            -118.3340353,
            34.0077899
          ],
          [
            -118.3339538,
            34.0074531
          ],
          [
            -118.3338087,
            34.0071173
          ],
          [
            -118.3337475,
            34.0069821
          ],
          [
            -118.3333372,
            34.0063762
          ],
          [
            -118.332943,
            34.0058163
          ]
        ]
      },
      "id": "way/295757631"
    },
    {
      "type": "Feature",
      "properties": {
        "@id": "way/456927939",
        "highway": "residential",
        "name": "Exposition Boulevard",
        "tiger:cfcc": "A41",
        "tiger:county": "Los Angeles, CA",
        "tiger:name_base": "Exposition",
        "tiger:name_type": "Blvd",
        "tiger:zip_left": "90016"
      },
      "geometry": {
        "type": "LineString",
        "coordinates": [
          [
            -118.3351056,
            34.0224037
          ],
          [
            -118.335291,
            34.0224368
          ],
          [
            -118.3359057,
            34.0225455
          ],
          [
            -118.3363285,
            34.0226204
          ],
          [
            -118.3373343,
            34.0227784
          ],
          [
            -118.3383037,
            34.0229392
          ],
          [
            -118.3392915,
            34.0230685
          ],
          [
            -118.340315,
            34.0232126
          ],
          [
            -118.3404474,
            34.0232312
          ]
        ]
      },
      "id": "way/456927939"
    },
    {
      "type": "Feature",
      "properties": {
        "@id": "way/509307804",
        "highway": "residential",
        "name": "Palmero Boulevard",
        "tiger:cfcc": "A41",
        "tiger:county": "Los Angeles, CA",
        "tiger:name_base": "Palmero",
        "tiger:name_type": "Blvd",
        "tiger:zip_left": "90008",
        "tiger:zip_right": "90008"
      },
      "geometry": {
        "type": "LineString",
        "coordinates": [
          [
            -118.3369634,
            34.0046682
          ],
          [
            -118.3364926,
            34.0040183
          ],
          [
            -118.3358002,
            34.0030148
          ]
        ]
      },
      "id": "way/509307804"
    },
    {
      "type": "Feature",
      "properties": {
        "@id": "way/509308248",
        "highway": "residential",
        "name": "Homeland Drive",
        "tiger:cfcc": "A41",
        "tiger:county": "Los Angeles, CA",
        "tiger:name_base": "Homeland",
        "tiger:name_type": "Dr",
        "tiger:zip_left": "90008",
        "tiger:zip_right": "90008"
      },
      "geometry": {
        "type": "LineString",
        "coordinates": [
          [
            -118.3337807,
            34.0053653
          ],
          [
            -118.3340878,
            34.0052032
          ],
          [
            -118.3342595,
            34.0051182
          ],
          [
            -118.3347347,
            34.0048845
          ],
          [
            -118.3357049,
            34.0044131
          ]
        ]
      },
      "id": "way/509308248"
    },
    {
      "type": "Feature",
      "properties": {
        "@id": "way/509308252",
        "highway": "residential",
        "name": "Angeles Vista Boulevard",
        "tiger:cfcc": "A41",
        "tiger:county": "Los Angeles, CA",
        "tiger:name_base": "Angeles Vista",
        "tiger:name_type": "Blvd",
        "tiger:zip_left": "90043",
        "tiger:zip_right": "90043"
      },
      "geometry": {
        "type": "LineString",
        "coordinates": [
          [
            -118.3357049,
            34.0044131
          ],
          [
            -118.334682,
            34.0029905
          ]
        ]
      },
      "id": "way/509308252"
    },
    {
      "type": "Feature",
      "properties": {
        "@id": "way/509313137",
        "highway": "residential",
        "lanes": "2",
        "name": "West 52nd Street",
        "surface": "asphalt",
        "tiger:cfcc": "A41",
        "tiger:county": "Los Angeles, CA",
        "tiger:name_base": "52nd",
        "tiger:name_direction_prefix": "W",
        "tiger:name_type": "St",
        "tiger:zip_left": "90043",
        "tiger:zip_right": "90043"
      },
      "geometry": {
        "type": "LineString",
        "coordinates": [
          [
            -118.3309596,
            33.9949695
          ],
          [
            -118.3310865,
            33.9949687
          ],
          [
            -118.3311264,
            33.9949685
          ],
          [
            -118.3315215,
            33.9949661
          ],
          [
            -118.3321232,
            33.9949598
          ],
          [
            -118.332187,
            33.9949591
          ],
          [
            -118.3322659,
            33.9949586
          ],
          [
            -118.3333182,
            33.9949526
          ],
          [
            -118.3344416,
            33.9949451
          ],
          [
            -118.335566,
            33.9949398
          ],
          [
            -118.3366768,
            33.9949342
          ],
          [
            -118.337814,
            33.994925
          ],
          [
            -118.33884,
            33.9949216
          ]
        ]
      },
      "id": "way/509313137"
    },
    {
      "type": "Feature",
      "properties": {
        "@id": "way/509313141",
        "highway": "residential",
        "lanes": "2",
        "name": "West 52nd Street",
        "surface": "asphalt",
        "tiger:cfcc": "A41",
        "tiger:county": "Los Angeles, CA",
        "tiger:name_base": "52nd",
        "tiger:name_direction_prefix": "W",
        "tiger:name_type": "St",
        "tiger:zip_left": "90043",
        "tiger:zip_right": "90043"
      },
      "geometry": {
        "type": "LineString",
        "coordinates": [
          [
            -118.3306666,
            33.9949707
          ],
          [
            -118.330789,
            33.9949687
          ],
          [
            -118.330835,
            33.9949694
          ],
          [
            -118.3309596,
            33.9949695
          ]
        ]
      },
      "id": "way/509313141"
    },
    {
      "type": "Feature",
      "properties": {
        "@id": "way/511687103",
        "cycleway": "shared_lane",
        "highway": "residential",
        "motor_vehicle": "destination",
        "name": "West 29th Street",
        "surface": "asphalt",
        "tiger:cfcc": "A41",
        "tiger:county": "Los Angeles, CA",
        "tiger:name_base": "29th",
        "tiger:name_direction_prefix": "W",
        "tiger:name_type": "St",
        "tiger:zip_left": "90018",
        "tiger:zip_right": "90018"
      },
      "geometry": {
        "type": "LineString",
        "coordinates": [
          [
            -118.3093079,
            34.0291009
          ],
          [
            -118.312062,
            34.0290957
          ],
          [
            -118.315163,
            34.0290897
          ],
          [
            -118.3175694,
            34.0290739
          ],
          [
            -118.3176799,
            34.0290732
          ]
        ]
      },
      "id": "way/511687103"
    },
    {
      "type": "Feature",
      "properties": {
        "@id": "way/511693219",
        "cycleway": "shared_lane",
        "highway": "residential",
        "name": "West 31st Street",
        "tiger:cfcc": "A41",
        "tiger:county": "Los Angeles, CA",
        "tiger:name_base": "31st",
        "tiger:name_direction_prefix": "W",
        "tiger:name_type": "St",
        "tiger:zip_left": "90018",
        "tiger:zip_right": "90018"
      },
      "geometry": {
        "type": "LineString",
        "coordinates": [
          [
            -118.3176685,
            34.0264805
          ],
          [
            -118.3177937,
            34.0264808
          ],
          [
            -118.3180283,
            34.0264814
          ]
        ]
      },
      "id": "way/511693219"
    },
    {
      "type": "Feature",
      "properties": {
        "@id": "way/511693220",
        "highway": "residential",
        "lanes": "2",
        "name": "West 31st Street",
        "surface": "asphalt",
        "tiger:cfcc": "A41",
        "tiger:county": "Los Angeles, CA",
        "tiger:name_base": "31st",
        "tiger:name_direction_prefix": "W",
        "tiger:name_type": "St",
        "tiger:zip_left": "90018",
        "tiger:zip_right": "90018"
      },
      "geometry": {
        "type": "LineString",
        "coordinates": [
          [
            -118.3180283,
            34.0264814
          ],
          [
            -118.3194386,
            34.0265048
          ],
          [
            -118.3211471,
            34.0265051
          ],
          [
            -118.3212265,
            34.0265051
          ]
        ]
      },
      "id": "way/511693220"
    },
    {
      "type": "Feature",
      "properties": {
        "@id": "way/511704358",
        "highway": "residential",
        "name": "West 38th Place",
        "tiger:cfcc": "A41",
        "tiger:county": "Los Angeles, CA",
        "tiger:name_base": "38th",
        "tiger:name_direction_prefix": "W",
        "tiger:name_type": "Pl",
        "tiger:zip_left": "90062"
      },
      "geometry": {
        "type": "LineString",
        "coordinates": [
          [
            -118.3094466,
            34.0164329
          ],
          [
            -118.3110341,
            34.0164345
          ],
          [
            -118.3131943,
            34.0164477
          ],
          [
            -118.3132708,
            34.0164482
          ],
          [
            -118.3133442,
            34.016448
          ],
          [
            -118.3149954,
            34.0164441
          ],
          [
            -118.3160415,
            34.0164527
          ],
          [
            -118.316087,
            34.0164531
          ],
          [
            -118.3161489,
            34.0164527
          ],
          [
            -118.3170326,
            34.016447
          ],
          [
            -118.317108,
            34.0164465
          ],
          [
            -118.3171717,
            34.016444
          ],
          [
            -118.3175987,
            34.0164505
          ]
        ]
      },
      "id": "way/511704358"
    },
    {
      "type": "Feature",
      "properties": {
        "@id": "way/517590700",
        "highway": "residential",
        "lanes": "2",
        "name": "Marlton Avenue",
        "surface": "asphalt",
        "tiger:cfcc": "A41",
        "tiger:county": "Los Angeles, CA",
        "tiger:name_base": "Marlton",
        "tiger:name_type": "Ave",
        "tiger:zip_left": "90008",
        "tiger:zip_right": "90008"
      },
      "geometry": {
        "type": "LineString",
        "coordinates": [
          [
            -118.3398163,
            34.0104261
          ],
          [
            -118.3399235,
            34.0103753
          ],
          [
            -118.3400708,
            34.0103141
          ],
          [
            -118.3402341,
            34.0102729
          ],
          [
            -118.3404627,
            34.0102459
          ],
          [
            -118.3406881,
            34.0102192
          ],
          [
            -118.3409092,
            34.0101667
          ],
          [
            -118.3411023,
            34.0100739
          ],
          [
            -118.3418637,
            34.0095335
          ],
          [
            -118.3420986,
            34.0093308
          ],
          [
            -118.3421633,
            34.0092754
          ],
          [
            -118.3424005,
            34.0090159
          ],
          [
            -118.34243,
            34.0089719
          ],
          [
            -118.3426136,
            34.0087023
          ],
          [
            -118.342712,
            34.0085246
          ]
        ]
      },
      "id": "way/517590700"
    },
    {
      "type": "Feature",
      "properties": {
        "@id": "way/517591229",
        "cycleway": "shared_lane",
        "highway": "residential",
        "lanes": "2",
        "maxspeed": "30 mph",
        "name": "West 39th Street",
        "surface": "asphalt",
        "tiger:cfcc": "A41",
        "tiger:county": "Los Angeles, CA",
        "tiger:name_base": "39th",
        "tiger:name_direction_prefix": "W",
        "tiger:name_type": "St",
        "tiger:zip_left": "90008",
        "tiger:zip_right": "90008"
      },
      "geometry": {
        "type": "LineString",
        "coordinates": [
          [
            -118.3361131,
            34.0146562
          ],
          [
            -118.3362065,
            34.0146774
          ],
          [
            -118.336241,
            34.0146861
          ],
          [
            -118.3365579,
            34.0147637
          ],
          [
            -118.3370586,
            34.0149341
          ],
          [
            -118.3379697,
            34.0152542
          ],
          [
            -118.3388735,
            34.0155682
          ],
          [
            -118.3397793,
            34.0158958
          ],
          [
            -118.3406022,
            34.0161825
          ],
          [
            -118.3406878,
            34.0162115
          ]
        ]
      },
      "id": "way/517591229"
    },
    {
      "type": "Feature",
      "properties": {
        "@id": "way/521665371",
        "highway": "residential",
        "name": "South Bronson Avenue",
        "surface": "asphalt",
        "tiger:cfcc": "A41",
        "tiger:county": "Los Angeles, CA",
        "tiger:name_base": "Bronson",
        "tiger:name_direction_prefix": "S",
        "tiger:name_type": "Ave",
        "tiger:zip_left": "90008",
        "tiger:zip_right": "90008"
      },
      "geometry": {
        "type": "LineString",
        "coordinates": [
          [
            -118.3337053,
            34.0141397
          ],
          [
            -118.3335766,
            34.014022
          ],
          [
            -118.3331991,
            34.0133985
          ],
          [
            -118.3329824,
            34.0130023
          ],
          [
            -118.3328308,
            34.012669
          ],
          [
            -118.3327089,
            34.0122117
          ],
          [
            -118.3326422,
            34.0118065
          ],
          [
            -118.3326358,
            34.0109341
          ]
        ]
      },
      "id": "way/521665371"
    },
    {
      "type": "Feature",
      "properties": {
        "@id": "way/521783295",
        "highway": "residential",
        "name": "Angeles Vista Boulevard",
        "tiger:cfcc": "A41",
        "tiger:county": "Los Angeles, CA",
        "tiger:name_base": "Angeles Vista",
        "tiger:name_type": "Blvd",
        "tiger:zip_left": "90043",
        "tiger:zip_right": "90043"
      },
      "geometry": {
        "type": "LineString",
        "coordinates": [
          [
            -118.334682,
            34.0029905
          ],
          [
            -118.3342342,
            34.0023458
          ]
        ]
      },
      "id": "way/521783295"
    },
    {
      "type": "Feature",
      "properties": {
        "@id": "way/521906453",
        "highway": "residential",
        "name": "Angeles Vista Boulevard",
        "oneway": "yes"
      },
      "geometry": {
        "type": "LineString",
        "coordinates": [
          [
            -118.3341264,
            34.0021811
          ],
          [
            -118.3340997,
            34.0021121
          ],
          [
            -118.334099,
            34.002066
          ],
          [
            -118.3341111,
            34.0020032
          ],
          [
            -118.3341372,
            34.0019637
          ],
          [
            -118.3342009,
            34.001917
          ],
          [
            -118.3343169,
            34.0018087
          ]
        ]
      },
      "id": "way/521906453"
    },
    {
      "type": "Feature",
      "properties": {
        "@id": "way/521906805",
        "highway": "residential",
        "name": "Olympiad Drive",
        "tiger:cfcc": "A41",
        "tiger:county": "Los Angeles, CA",
        "tiger:name_base": "Olympiad",
        "tiger:name_type": "Dr",
        "tiger:zip_left": "90043",
        "tiger:zip_right": "90043"
      },
      "geometry": {
        "type": "LineString",
        "coordinates": [
          [
            -118.3339696,
            34.0018517
          ],
          [
            -118.3340861,
            34.0018454
          ],
          [
            -118.3341121,
            34.001844
          ],
          [
            -118.3342552,
            34.0018282
          ],
          [
            -118.3343169,
            34.0018087
          ]
        ]
      },
      "id": "way/521906805"
    },
    {
      "type": "Feature",
      "properties": {
        "@id": "way/524778174",
        "highway": "residential",
        "name": "Homeland Drive",
        "tiger:cfcc": "A41",
        "tiger:county": "Los Angeles, CA",
        "tiger:name_base": "Homeland",
        "tiger:name_type": "Dr",
        "tiger:zip_left": "90008",
        "tiger:zip_right": "90008"
      },
      "geometry": {
        "type": "LineString",
        "coordinates": [
          [
            -118.3357049,
            34.0044131
          ],
          [
            -118.3364926,
            34.0040183
          ]
        ]
      },
      "id": "way/524778174"
    },
    {
      "type": "Feature",
      "properties": {
        "@id": "way/524962751",
        "highway": "residential",
        "name": "Angeles Vista Boulevard"
      },
      "geometry": {
        "type": "LineString",
        "coordinates": [
          [
            -118.3342342,
            34.0023458
          ],
          [
            -118.3341264,
            34.0021811
          ]
        ]
      },
      "id": "way/524962751"
    },
    {
      "type": "Feature",
      "properties": {
        "@id": "way/524970164",
        "highway": "residential",
        "name": "Palmero Boulevard",
        "tiger:cfcc": "A41",
        "tiger:county": "Los Angeles, CA",
        "tiger:name_base": "Palmero",
        "tiger:name_type": "Blvd",
        "tiger:zip_left": "90008",
        "tiger:zip_right": "90008"
      },
      "geometry": {
        "type": "LineString",
        "coordinates": [
          [
            -118.3358002,
            34.0030148
          ],
          [
            -118.3355549,
            34.002586
          ]
        ]
      },
      "id": "way/524970164"
    },
    {
      "type": "Feature",
      "properties": {
        "@id": "way/604115991",
        "highway": "residential",
        "lanes": "2",
        "name": "11th Avenue",
        "tiger:cfcc": "A41",
        "tiger:county": "Los Angeles, CA",
        "tiger:name_base": "11th",
        "tiger:name_type": "Ave",
        "tiger:zip_left": "90043",
        "tiger:zip_right": "90043"
      },
      "geometry": {
        "type": "LineString",
        "coordinates": [
          [
            -118.3296131,
            34.0053225
          ],
          [
            -118.3295026,
            34.0052184
          ],
          [
            -118.3294394,
            34.0051589
          ],
          [
            -118.3294005,
            34.0050967
          ],
          [
            -118.3293818,
            34.0050277
          ],
          [
            -118.3293778,
            34.0049723
          ],
          [
            -118.329371,
            34.0048777
          ],
          [
            -118.3293504,
            34.0043992
          ],
          [
            -118.3293581,
            34.0040471
          ],
          [
            -118.329363,
            34.0037573
          ],
          [
            -118.3293658,
            34.003655
          ]
        ]
      },
      "id": "way/604115991"
    },
    {
      "type": "Feature",
      "properties": {
        "@id": "way/607540298",
        "highway": "residential",
        "name": "10th Avenue",
        "tiger:cfcc": "A41",
        "tiger:county": "Los Angeles, CA",
        "tiger:name_base": "10th",
        "tiger:name_type": "Ave",
        "tiger:reviewed": "no",
        "tiger:zip_left": "90043",
        "tiger:zip_left_1": "90043",
        "tiger:zip_right": "90043"
      },
      "geometry": {
        "type": "LineString",
        "coordinates": [
          [
            -118.3281805,
            33.9949831
          ],
          [
            -118.3281827,
            33.993142
          ]
        ]
      },
      "id": "way/607540298"
    },
    {
      "type": "Feature",
      "properties": {
        "@id": "way/638903590",
        "highway": "residential",
        "name": "South Bronson Avenue",
        "tiger:cfcc": "A41",
        "tiger:county": "Los Angeles, CA",
        "tiger:name_base": "Bronson",
        "tiger:name_direction_prefix": "S",
        "tiger:name_type": "Ave",
        "tiger:reviewed": "yes",
        "tiger:zip_left": "90018",
        "tiger:zip_right": "90018"
      },
      "geometry": {
        "type": "LineString",
        "coordinates": [
          [
            -118.3339079,
            34.0217774
          ],
          [
            -118.3339102,
            34.0213536
          ],
          [
            -118.3339113,
            34.0212465
          ]
        ]
      },
      "id": "way/638903590"
    },
    {
      "type": "Feature",
      "properties": {
        "@id": "way/691336281",
        "highway": "residential",
        "name": "Stocker Street",
        "tiger:cfcc": "A41",
        "tiger:county": "Los Angeles, CA",
        "tiger:name_base": "Stocker",
        "tiger:name_type": "St",
        "tiger:reviewed": "no",
        "tiger:zip_left": "90008",
        "tiger:zip_right": "90008"
      },
      "geometry": {
        "type": "LineString",
        "coordinates": [
          [
            -118.3268804,
            34.007761
          ],
          [
            -118.3269806,
            34.0078514
          ],
          [
            -118.327235,
            34.008081
          ],
          [
            -118.3275771,
            34.0083715
          ]
        ]
      },
      "id": "way/691336281"
    },
    {
      "type": "Feature",
      "properties": {
        "@id": "way/714471517",
        "highway": "residential",
        "name": "Creed Avenue",
        "tiger:cfcc": "A41",
        "tiger:county": "Los Angeles, CA",
        "tiger:name_base": "Creed",
        "tiger:name_type": "Ave",
        "tiger:zip_left": "90008",
        "tiger:zip_right": "90008"
      },
      "geometry": {
        "type": "LineString",
        "coordinates": [
          [
            -118.3246545,
            34.0108797
          ],
          [
            -118.3246983,
            34.0107527
          ],
          [
            -118.3248197,
            34.0106373
          ],
          [
            -118.3250638,
            34.0104379
          ],
          [
            -118.3256175,
            34.0099784
          ],
          [
            -118.3257656,
            34.0098551
          ],
          [
            -118.3261501,
            34.0095348
          ],
          [
            -118.327044,
            34.0087813
          ]
        ]
      },
      "id": "way/714471517"
    },
    {
      "type": "Feature",
      "properties": {
        "@id": "way/720120456",
        "highway": "residential",
        "lanes": "2",
        "name": "West 50th Street",
        "surface": "asphalt",
        "tiger:cfcc": "A41",
        "tiger:county": "Los Angeles, CA",
        "tiger:name_base": "50th",
        "tiger:name_direction_prefix": "W",
        "tiger:name_type": "St",
        "tiger:zip_left": "90043",
        "tiger:zip_right": "90043"
      },
      "geometry": {
        "type": "LineString",
        "coordinates": [
          [
            -118.3306533,
            33.9977448
          ],
          [
            -118.330778,
            33.9977439
          ],
          [
            -118.330822,
            33.9977433
          ],
          [
            -118.3309439,
            33.9977419
          ]
        ]
      },
      "id": "way/720120456"
    },
    {
      "type": "Feature",
      "properties": {
        "@id": "way/817114845",
        "highway": "residential",
        "name": "West 50th Street",
        "tiger:cfcc": "A41",
        "tiger:county": "Los Angeles, CA",
        "tiger:name_base": "50th",
        "tiger:name_direction_prefix": "W",
        "tiger:name_type": "St",
        "tiger:zip_left": "90062",
        "tiger:zip_right": "90062"
      },
      "geometry": {
        "type": "LineString",
        "coordinates": [
          [
            -118.3095675,
            33.998007
          ],
          [
            -118.3113481,
            33.9979982
          ],
          [
            -118.3133036,
            33.9979888
          ],
          [
            -118.313814,
            33.9979848
          ],
          [
            -118.3138461,
            33.9979853
          ]
        ]
      },
      "id": "way/817114845"
    },
    {
      "type": "Feature",
      "properties": {
        "@id": "way/817114847",
        "highway": "residential",
        "name": "West 52nd Street",
        "surface": "asphalt",
        "tiger:cfcc": "A41",
        "tiger:county": "Los Angeles, CA",
        "tiger:name_base": "52nd",
        "tiger:name_direction_prefix": "W",
        "tiger:name_type": "St",
        "tiger:zip_left": "90043",
        "tiger:zip_right": "90043"
      },
      "geometry": {
        "type": "LineString",
        "coordinates": [
          [
            -118.3138521,
            33.9950514
          ],
          [
            -118.3143861,
            33.9950484
          ],
          [
            -118.3149559,
            33.9950474
          ],
          [
            -118.3154858,
            33.9950465
          ],
          [
            -118.3160474,
            33.9950456
          ],
          [
            -118.3165802,
            33.9950447
          ],
          [
            -118.3171416,
            33.9950437
          ],
          [
            -118.3181891,
            33.9950419
          ],
          [
            -118.3187051,
            33.9950389
          ],
          [
            -118.3192753,
            33.9950356
          ],
          [
            -118.3198263,
            33.9950323
          ],
          [
            -118.3203672,
            33.9950292
          ],
          [
            -118.3214457,
            33.9950328
          ],
          [
            -118.3215313,
            33.9950321
          ],
          [
            -118.3224516,
            33.9950275
          ],
          [
            -118.3225382,
            33.9950275
          ],
          [
            -118.3236215,
            33.9950185
          ],
          [
            -118.324715,
            33.9950129
          ],
          [
            -118.325706,
            33.99501
          ],
          [
            -118.3258146,
            33.9950109
          ],
          [
            -118.3259205,
            33.9950102
          ],
          [
            -118.3259603,
            33.9950102
          ],
          [
            -118.326955,
            33.994986
          ],
          [
            -118.3281805,
            33.9949831
          ],
          [
            -118.3293004,
            33.994977
          ],
          [
            -118.329403,
            33.9949765
          ]
        ]
      },
      "id": "way/817114847"
    },
    {
      "type": "Feature",
      "properties": {
        "@id": "way/829119490",
        "highway": "residential",
        "name": "South Victoria Avenue",
        "surface": "asphalt",
        "tiger:cfcc": "A41",
        "tiger:county": "Los Angeles, CA",
        "tiger:name_base": "Victoria",
        "tiger:name_direction_prefix": "S",
        "tiger:name_type": "Ave",
        "tiger:zip_left": "90043",
        "tiger:zip_right": "90043"
      },
      "geometry": {
        "type": "LineString",
        "coordinates": [
          [
            -118.3330875,
            34.002962
          ],
          [
            -118.332988,
            34.0028913
          ],
          [
            -118.3327643,
            34.0027445
          ],
          [
            -118.3326555,
            34.0026634
          ],
          [
            -118.3325401,
            34.0025622
          ],
          [
            -118.3324332,
            34.002443
          ],
          [
            -118.3323117,
            34.0022516
          ],
          [
            -118.3322317,
            34.0020695
          ],
          [
            -118.3322087,
            34.0019971
          ],
          [
            -118.3320615,
            34.0015341
          ],
          [
            -118.3320185,
            34.0011783
          ],
          [
            -118.332041,
            34.0000099
          ],
          [
            -118.3320459,
            33.9991624
          ],
          [
            -118.3320361,
            33.9983288
          ],
          [
            -118.3320423,
            33.9982823
          ],
          [
            -118.3320726,
            33.9980558
          ],
          [
            -118.3321568,
            33.9977813
          ],
          [
            -118.3321777,
            33.9976088
          ],
          [
            -118.3321826,
            33.9975098
          ],
          [
            -118.3321828,
            33.9974423
          ],
          [
            -118.3321848,
            33.9967995
          ],
          [
            -118.3321851,
            33.9967115
          ],
          [
            -118.3321852,
            33.9966449
          ],
          [
            -118.3321869,
            33.995023
          ],
          [
            -118.332187,
            33.9949591
          ],
          [
            -118.3321877,
            33.9949009
          ],
          [
            -118.3321917,
            33.9945923
          ],
          [
            -118.3322021,
            33.9939235
          ],
          [
            -118.3322051,
            33.9931133
          ],
          [
            -118.3322115,
            33.9908594
          ],
          [
            -118.3322155,
            33.9900026
          ],
          [
            -118.3322167,
            33.9893021
          ],
          [
            -118.3322169,
            33.9891292
          ],
          [
            -118.332217,
            33.988996
          ]
        ]
      },
      "id": "way/829119490"
    },
    {
      "type": "Feature",
      "properties": {
        "@id": "way/829710380",
        "cycleway": "shared_lane",
        "highway": "residential",
        "motor_vehicle": "destination",
        "name": "South Saint Andrews Place",
        "surface": "asphalt",
        "tiger:name_base": "St Andrews",
        "tiger:name_direction_prefix": "S",
        "tiger:name_type": "Pl"
      },
      "geometry": {
        "type": "LineString",
        "coordinates": [
          [
            -118.312069,
            34.0299572
          ],
          [
            -118.312062,
            34.0290957
          ],
          [
            -118.3120604,
            34.0282545
          ],
          [
            -118.312047,
            34.0273982
          ],
          [
            -118.3120465,
            34.0269437
          ],
          [
            -118.312039,
            34.026485
          ],
          [
            -118.3120358,
            34.0260248
          ],
          [
            -118.3120279,
            34.0257636
          ],
          [
            -118.3120213,
            34.0256461
          ],
          [
            -118.3120177,
            34.0255558
          ]
        ]
      },
      "id": "way/829710380"
    },
    {
      "type": "Feature",
      "properties": {
        "@id": "way/829710381",
        "highway": "residential",
        "name": "West 31st Street",
        "tiger:cfcc": "A41",
        "tiger:county": "Los Angeles, CA",
        "tiger:name_base": "31st",
        "tiger:name_direction_prefix": "W",
        "tiger:name_type": "St",
        "tiger:zip_left": "90018",
        "tiger:zip_right": "90018"
      },
      "geometry": {
        "type": "LineString",
        "coordinates": [
          [
            -118.3151582,
            34.0264805
          ],
          [
            -118.3175431,
            34.0264805
          ],
          [
            -118.3176685,
            34.0264805
          ]
        ]
      },
      "id": "way/829710381"
    },
    {
      "type": "Feature",
      "properties": {
        "@id": "way/829710382",
        "cycleway": "shared_lane",
        "highway": "residential",
        "motor_vehicle": "destination",
        "name": "Cimarron Street",
        "surface": "asphalt",
        "tiger:cfcc": "A41",
        "tiger:county": "Los Angeles, CA",
        "tiger:name_base": "Cimarron",
        "tiger:name_type": "St",
        "tiger:zip_left": "90018",
        "tiger:zip_right": "90018"
      },
      "geometry": {
        "type": "LineString",
        "coordinates": [
          [
            -118.315164,
            34.0299533
          ],
          [
            -118.315163,
            34.0290897
          ],
          [
            -118.3151653,
            34.0282416
          ],
          [
            -118.31516,
            34.0274048
          ],
          [
            -118.31516,
            34.0269318
          ],
          [
            -118.3151582,
            34.0264805
          ],
          [
            -118.3151587,
            34.0260249
          ],
          [
            -118.315158,
            34.0256504
          ],
          [
            -118.315158,
            34.0255492
          ]
        ]
      },
      "id": "way/829710382"
    },
    {
      "type": "Feature",
      "properties": {
        "@id": "way/829717232",
        "cycleway": "shared_lane",
        "highway": "residential",
        "lanes": "2",
        "motor_vehicle": "destination",
        "name": "West 29th Place",
        "surface": "asphalt",
        "tiger:cfcc": "A41",
        "tiger:county": "Los Angeles, CA",
        "tiger:name_base": "29th",
        "tiger:name_direction_prefix": "W",
        "tiger:name_type": "Pl",
        "tiger:zip_left": "90018",
        "tiger:zip_right": "90018"
      },
      "geometry": {
        "type": "LineString",
        "coordinates": [
          [
            -118.3176714,
            34.0282267
          ],
          [
            -118.3177879,
            34.028226
          ],
          [
            -118.3187506,
            34.0282205
          ],
          [
            -118.3189438,
            34.0282204
          ],
          [
            -118.3200456,
            34.0282196
          ],
          [
            -118.3201696,
            34.0282204
          ],
          [
            -118.3206252,
            34.0282233
          ],
          [
            -118.3212354,
            34.028212
          ]
        ]
      },
      "id": "way/829717232"
    },
    {
      "type": "Feature",
      "properties": {
        "@id": "way/829717233",
        "highway": "residential",
        "lanes": "2",
        "name": "West 30th Street",
        "surface": "asphalt",
        "tiger:cfcc": "A41",
        "tiger:county": "Los Angeles, CA",
        "tiger:name_base": "30th",
        "tiger:name_direction_prefix": "W",
        "tiger:name_type": "St",
        "tiger:zip_left": "90018",
        "tiger:zip_right": "90018"
      },
      "geometry": {
        "type": "LineString",
        "coordinates": [
          [
            -118.317666,
            34.0273927
          ],
          [
            -118.3177776,
            34.0273929
          ],
          [
            -118.3194279,
            34.0273949
          ],
          [
            -118.3206244,
            34.0273929
          ],
          [
            -118.3211272,
            34.0273908
          ],
          [
            -118.3212247,
            34.0273904
          ]
        ]
      },
      "id": "way/829717233"
    },
    {
      "type": "Feature",
      "properties": {
        "@id": "way/829717234",
        "highway": "residential",
        "name": "4th Avenue",
        "surface": "asphalt",
        "tiger:cfcc": "A41",
        "tiger:county": "Los Angeles, CA",
        "tiger:name_base": "4th",
        "tiger:name_type": "Ave",
        "tiger:zip_left": "90018",
        "tiger:zip_right": "90018"
      },
      "geometry": {
        "type": "LineString",
        "coordinates": [
          [
            -118.3212433,
            34.025581
          ],
          [
            -118.3212434,
            34.0254771
          ],
          [
            -118.3212457,
            34.0251091
          ],
          [
            -118.3212748,
            34.022996
          ],
          [
            -118.3212767,
            34.0229091
          ],
          [
            -118.3212773,
            34.022831
          ],
          [
            -118.3212893,
            34.0221202
          ],
          [
            -118.3213039,
            34.0212483
          ],
          [
            -118.3213174,
            34.0204433
          ],
          [
            -118.3213285,
            34.0197837
          ],
          [
            -118.3213302,
            34.0196965
          ]
        ]
      },
      "id": "way/829717234"
    },
    {
      "type": "Feature",
      "properties": {
        "@id": "way/829717235",
        "cycleway": "shared_lane",
        "highway": "residential",
        "lanes": "2",
        "motor_vehicle": "destination",
        "name": "5th Avenue",
        "surface": "asphalt",
        "tiger:cfcc": "A41",
        "tiger:county": "Los Angeles, CA",
        "tiger:name_base": "5th",
        "tiger:name_type": "Ave",
        "tiger:zip_left": "90018",
        "tiger:zip_right": "90018"
      },
      "geometry": {
        "type": "LineString",
        "coordinates": [
          [
            -118.3223963,
            34.02966
          ],
          [
            -118.3223993,
            34.0291197
          ],
          [
            -118.3224002,
            34.0290096
          ],
          [
            -118.322409,
            34.0276391
          ],
          [
            -118.3224045,
            34.0260605
          ],
          [
            -118.3223972,
            34.0257017
          ],
          [
            -118.322395,
            34.0255854
          ]
        ]
      },
      "id": "way/829717235"
    },
    {
      "type": "Feature",
      "properties": {
        "@id": "way/829717236",
        "highway": "residential",
        "name": "5th Avenue",
        "surface": "asphalt",
        "tiger:cfcc": "A41",
        "tiger:county": "Los Angeles, CA",
        "tiger:name_base": "5th",
        "tiger:name_type": "Ave",
        "tiger:zip_left": "90018",
        "tiger:zip_right": "90018"
      },
      "geometry": {
        "type": "LineString",
        "coordinates": [
          [
            -118.322395,
            34.0255854
          ],
          [
            -118.3223966,
            34.0254789
          ],
          [
            -118.3224025,
            34.0251178
          ],
          [
            -118.3224025,
            34.0245221
          ],
          [
            -118.3224032,
            34.0237499
          ],
          [
            -118.322404,
            34.0229091
          ],
          [
            -118.3224112,
            34.0215335
          ],
          [
            -118.3224155,
            34.0208027
          ],
          [
            -118.3224182,
            34.0203357
          ],
          [
            -118.3224176,
            34.0200435
          ],
          [
            -118.3224203,
            34.0199455
          ]
        ]
      },
      "id": "way/829717236"
    },
    {
      "type": "Feature",
      "properties": {
        "@id": "way/829717237",
        "highway": "residential",
        "name": "West 30th Street"
      },
      "geometry": {
        "type": "LineString",
        "coordinates": [
          [
            -118.324789,
            34.0276406
          ],
          [
            -118.3248898,
            34.0276419
          ],
          [
            -118.3253665,
            34.0276483
          ],
          [
            -118.3256279,
            34.0276453
          ],
          [
            -118.3259561,
            34.0276416
          ],
          [
            -118.3265051,
            34.0276453
          ],
          [
            -118.3265569,
            34.0276456
          ],
          [
            -118.3271663,
            34.0276505
          ],
          [
            -118.3273688,
            34.0276513
          ],
          [
            -118.328246,
            34.027655
          ],
          [
            -118.3293432,
            34.0276594
          ],
          [
            -118.330488,
            34.0276514
          ],
          [
            -118.331658,
            34.0276327
          ],
          [
            -118.332727,
            34.027623
          ],
          [
            -118.333803,
            34.0276334
          ],
          [
            -118.3344254,
            34.0276407
          ],
          [
            -118.3347617,
            34.0276338
          ],
          [
            -118.3349762,
            34.0276294
          ],
          [
            -118.3351161,
            34.0276266
          ],
          [
            -118.3352616,
            34.0276261
          ],
          [
            -118.335294,
            34.027626
          ],
          [
            -118.3354627,
            34.0276254
          ],
          [
            -118.3355554,
            34.0276251
          ],
          [
            -118.335776,
            34.0276244
          ],
          [
            -118.3363341,
            34.0276222
          ],
          [
            -118.337381,
            34.0276177
          ],
          [
            -118.3384045,
            34.0276133
          ],
          [
            -118.339469,
            34.0276088
          ],
          [
            -118.3395603,
            34.0276084
          ],
          [
            -118.3401045,
            34.0276062
          ],
          [
            -118.3404519,
            34.0276047
          ],
          [
            -118.340528,
            34.0276044
          ],
          [
            -118.341703,
            34.0275999
          ],
          [
            -118.3428892,
            34.0275933
          ],
          [
            -118.3439353,
            34.0275888
          ],
          [
            -118.3449884,
            34.0275891
          ],
          [
            -118.3460394,
            34.0275848
          ],
          [
            -118.3461391,
            34.0275861
          ],
          [
            -118.3462061,
            34.0276047
          ],
          [
            -118.3462973,
            34.0276425
          ],
          [
            -118.346898,
            34.0279581
          ]
        ]
      },
      "id": "way/829717237"
    },
    {
      "type": "Feature",
      "properties": {
        "@id": "way/842096803",
        "highway": "residential",
        "name": "West 57th Street",
        "tiger:cfcc": "A41",
        "tiger:county": "Los Angeles, CA",
        "tiger:name_base": "57th",
        "tiger:name_direction_prefix": "W",
        "tiger:name_type": "St",
        "tiger:zip_left": "90062",
        "tiger:zip_right": "90062"
      },
      "geometry": {
        "type": "LineString",
        "coordinates": [
          [
            -118.3119842,
            33.9909595
          ],
          [
            -118.3125105,
            33.9909582
          ],
          [
            -118.31254,
            33.9909581
          ],
          [
            -118.3126087,
            33.9909579
          ],
          [
            -118.3126884,
            33.9909574
          ],
          [
            -118.3127133,
            33.9909572
          ],
          [
            -118.3132314,
            33.9909538
          ],
          [
            -118.3137899,
            33.9909569
          ],
          [
            -118.3138604,
            33.9909573
          ],
          [
            -118.3139382,
            33.9909567
          ],
          [
            -118.314409,
            33.9909532
          ],
          [
            -118.3148813,
            33.990952
          ],
          [
            -118.314956,
            33.9909518
          ],
          [
            -118.3150297,
            33.9909516
          ],
          [
            -118.3154925,
            33.9909504
          ],
          [
            -118.3159808,
            33.9909492
          ],
          [
            -118.3160496,
            33.990949
          ],
          [
            -118.3161292,
            33.9909488
          ],
          [
            -118.316603,
            33.9909476
          ],
          [
            -118.316993,
            33.9909441
          ],
          [
            -118.3170152,
            33.9909439
          ],
          [
            -118.3171444,
            33.9909428
          ],
          [
            -118.31762,
            33.9909379
          ]
        ]
      },
      "id": "way/842096803"
    },
    {
      "type": "Feature",
      "properties": {
        "@id": "way/951350960",
        "highway": "residential",
        "name": "South Gramercy Place",
        "tiger:cfcc": "A41",
        "tiger:county": "Los Angeles, CA",
        "tiger:name_base": "Gramercy",
        "tiger:name_direction_prefix": "S",
        "tiger:name_type": "Pl",
        "tiger:zip_left": "90062",
        "tiger:zip_right": "90062"
      },
      "geometry": {
        "type": "LineString",
        "coordinates": [
          [
            -118.3138558,
            33.9932257
          ],
          [
            -118.313856,
            33.9931424
          ],
          [
            -118.3138564,
            33.992751
          ],
          [
            -118.3138582,
            33.9920222
          ],
          [
            -118.3138602,
            33.991037
          ],
          [
            -118.3138603,
            33.9910076
          ],
          [
            -118.3138604,
            33.9909573
          ],
          [
            -118.3138623,
            33.9908998
          ],
          [
            -118.313863,
            33.9908793
          ],
          [
            -118.3138631,
            33.9896015
          ],
          [
            -118.3138639,
            33.9892323
          ],
          [
            -118.3138639,
            33.9891182
          ]
        ]
      },
      "id": "way/951350960"
    },
    {
      "type": "Feature",
      "properties": {
        "@id": "way/951350961",
        "highway": "residential",
        "name": "8th Avenue",
        "tiger:cfcc": "A41",
        "tiger:county": "Los Angeles, CA",
        "tiger:name_base": "8th",
        "tiger:name_type": "Ave",
        "tiger:reviewed": "no",
        "tiger:zip_left": "90043",
        "tiger:zip_right": "90043"
      },
      "geometry": {
        "type": "LineString",
        "coordinates": [
          [
            -118.3258146,
            33.9950109
          ],
          [
            -118.3258089,
            33.9949215
          ],
          [
            -118.3258183,
            33.9932622
          ],
          [
            -118.325819,
            33.9931612
          ],
          [
            -118.3258313,
            33.9908968
          ],
          [
            -118.3258316,
            33.9890559
          ]
        ]
      },
      "id": "way/951350961"
    },
    {
      "type": "Feature",
      "properties": {
        "@id": "way/951350962",
        "highway": "residential",
        "name": "8th Avenue",
        "surface": "asphalt",
        "tiger:cfcc": "A41",
        "tiger:county": "Los Angeles, CA",
        "tiger:name_base": "8th",
        "tiger:name_type": "Ave",
        "tiger:zip_left": "90043",
        "tiger:zip_right": "90043"
      },
      "geometry": {
        "type": "LineString",
        "coordinates": [
          [
            -118.3257613,
            34.0036667
          ],
          [
            -118.3257616,
            34.0035796
          ],
          [
            -118.3257645,
            34.0032101
          ],
          [
            -118.3257746,
            34.0018482
          ],
          [
            -118.3257962,
            34.0000402
          ]
        ]
      },
      "id": "way/951350962"
    },
    {
      "type": "Feature",
      "properties": {
        "@id": "way/1028289563",
        "highway": "residential",
        "name": "West 36th Street",
        "tiger:cfcc": "A41",
        "tiger:county": "Los Angeles, CA",
        "tiger:name_base": "36th",
        "tiger:name_direction_prefix": "W",
        "tiger:name_type": "St",
        "tiger:zip_left": "90016",
        "tiger:zip_right": "90016"
      },
      "geometry": {
        "type": "LineString",
        "coordinates": [
          [
            -118.335091,
            34.0240141
          ],
          [
            -118.3352391,
            34.0240327
          ],
          [
            -118.3352729,
            34.0240329
          ],
          [
            -118.335773,
            34.0240359
          ],
          [
            -118.3363585,
            34.0240346
          ],
          [
            -118.3373744,
            34.0240332
          ],
          [
            -118.338395,
            34.024034
          ]
        ]
      },
      "id": "way/1028289563"
    },
    {
      "type": "Feature",
      "properties": {
        "@id": "way/1036292354",
        "highway": "residential",
        "lanes": "2",
        "name": "West 57th Street",
        "surface": "asphalt",
        "tiger:cfcc": "A41",
        "tiger:county": "Los Angeles, CA",
        "tiger:name_base": "57th",
        "tiger:name_direction_prefix": "W",
        "tiger:name_type": "St",
        "tiger:zip_left": "90043",
        "tiger:zip_right": "90043"
      },
      "geometry": {
        "type": "LineString",
        "coordinates": [
          [
            -118.3306987,
            33.9908708
          ],
          [
            -118.3308066,
            33.9908694
          ],
          [
            -118.330855,
            33.9908711
          ],
          [
            -118.3309699,
            33.9908709
          ]
        ]
      },
      "id": "way/1036292354"
    },
    {
      "type": "Feature",
      "properties": {
        "@id": "way/1036292356",
        "highway": "residential",
        "lanes": "2",
        "name": "West 57th Street",
        "surface": "asphalt",
        "tiger:cfcc": "A41",
        "tiger:county": "Los Angeles, CA",
        "tiger:name_base": "57th",
        "tiger:name_direction_prefix": "W",
        "tiger:name_type": "St",
        "tiger:zip_left": "90043",
        "tiger:zip_right": "90043"
      },
      "geometry": {
        "type": "LineString",
        "coordinates": [
          [
            -118.3309699,
            33.9908709
          ],
          [
            -118.3311035,
            33.9908703
          ],
          [
            -118.3311439,
            33.9908701
          ],
          [
            -118.3312519,
            33.9908696
          ]
        ]
      },
      "id": "way/1036292356"
    },
    {
      "type": "Feature",
      "properties": {
        "@id": "way/1065939846",
        "foot": "no",
        "highway": "residential",
        "name": "South Gramercy Place",
        "tiger:cfcc": "A41",
        "tiger:name_base": "Gramercy",
        "tiger:name_direction_prefix": "S",
        "tiger:zip_right": "90062"
      },
      "geometry": {
        "type": "LineString",
        "coordinates": [
          [
            -118.3132845,
            34.0182482
          ],
          [
            -118.3132736,
            34.018171
          ]
        ]
      },
      "id": "way/1065939846"
    },
    {
      "type": "Feature",
      "properties": {
        "@id": "way/1104540309",
        "highway": "residential",
        "name": "Exposition Place"
      },
      "geometry": {
        "type": "LineString",
        "coordinates": [
          [
            -118.3339079,
            34.0217774
          ],
          [
            -118.3339592,
            34.0218624
          ]
        ]
      },
      "id": "way/1104540309"
    },
    {
      "type": "Feature",
      "properties": {
        "@id": "way/1111523013",
        "highway": "residential",
        "lanes": "2",
        "name": "West 57th Street",
        "surface": "asphalt",
        "tiger:cfcc": "A41",
        "tiger:county": "Los Angeles, CA",
        "tiger:name_base": "57th",
        "tiger:name_direction_prefix": "W",
        "tiger:name_type": "St",
        "tiger:zip_left": "90043",
        "tiger:zip_right": "90043"
      },
      "geometry": {
        "type": "LineString",
        "coordinates": [
          [
            -118.3312519,
            33.9908696
          ],
          [
            -118.3314826,
            33.990864
          ],
          [
            -118.331554,
            33.9908632
          ],
          [
            -118.3316201,
            33.9908635
          ],
          [
            -118.3322115,
            33.9908594
          ],
          [
            -118.3333383,
            33.990856
          ],
          [
            -118.3344585,
            33.9908438
          ],
          [
            -118.3355877,
            33.9908329
          ],
          [
            -118.3366939,
            33.9908208
          ],
          [
            -118.3378095,
            33.990813
          ],
          [
            -118.3388408,
            33.9908116
          ],
          [
            -118.3399054,
            33.9907983
          ],
          [
            -118.3409592,
            33.990791
          ],
          [
            -118.3419947,
            33.9907837
          ],
          [
            -118.3430005,
            33.9907767
          ],
          [
            -118.34394,
            33.9907701
          ],
          [
            -118.344351,
            33.9907316
          ],
          [
            -118.3449092,
            33.9906724
          ],
          [
            -118.3451389,
            33.9906508
          ],
          [
            -118.3453494,
            33.9906311
          ],
          [
            -118.3456831,
            33.990624
          ],
          [
            -118.3461316,
            33.9899273
          ],
          [
            -118.3462077,
            33.9898735
          ]
        ]
      },
      "id": "way/1111523013"
    },
    {
      "type": "Feature",
      "properties": {
        "@id": "way/1161094267",
        "highway": "residential",
        "name": "West 43rd Place",
        "tiger:cfcc": "A41",
        "tiger:county": "Los Angeles, CA",
        "tiger:name_base": "43rd",
        "tiger:name_direction_prefix": "W",
        "tiger:name_type": "Pl",
        "tiger:zip_left": "90008",
        "tiger:zip_right": "90008"
      },
      "geometry": {
        "type": "LineString",
        "coordinates": [
          [
            -118.3304769,
            34.0042709
          ],
          [
            -118.3306724,
            34.0042583
          ]
        ]
      },
      "id": "way/1161094267"
    },
    {
      "type": "Feature",
      "properties": {
        "@id": "way/1270059423",
        "highway": "residential",
        "name": "South Gramercy Place",
        "tiger:cfcc": "A41",
        "tiger:county": "Los Angeles, CA",
        "tiger:name_base": "Gramercy",
        "tiger:name_direction_prefix": "S",
        "tiger:name_type": "Pl",
        "tiger:zip_left": "90062",
        "tiger:zip_right": "90062"
      },
      "geometry": {
        "type": "LineString",
        "coordinates": [
          [
            -118.3138482,
            33.9969488
          ],
          [
            -118.3138493,
            33.9964086
          ],
          [
            -118.3138492,
            33.9963303
          ],
          [
            -118.3138507,
            33.9956576
          ],
          [
            -118.3138521,
            33.9950514
          ]
        ]
      },
      "id": "way/1270059423"
    },
    {
      "type": "Feature",
      "properties": {
        "@id": "way/1270059425",
        "highway": "residential",
        "name": "West 52nd Street",
        "tiger:cfcc": "A41",
        "tiger:county": "Los Angeles, CA",
        "tiger:name_base": "52nd",
        "tiger:name_direction_prefix": "W",
        "tiger:name_type": "St",
        "tiger:zip_left": "90043",
        "tiger:zip_right": "90043"
      },
      "geometry": {
        "type": "LineString",
        "coordinates": [
          [
            -118.3095669,
            33.9950567
          ],
          [
            -118.3101671,
            33.9950557
          ],
          [
            -118.3107509,
            33.9950547
          ],
          [
            -118.3113516,
            33.9950536
          ],
          [
            -118.3119686,
            33.9950526
          ],
          [
            -118.3126076,
            33.9950515
          ],
          [
            -118.3132212,
            33.9950504
          ],
          [
            -118.3138521,
            33.9950514
          ]
        ]
      },
      "id": "way/1270059425"
    },
    {
      "type": "Feature",
      "properties": {
        "@id": "way/1270059426",
        "highway": "residential",
        "maxweight:hgv": "6000 lbs",
        "name": "South Gramercy Place",
        "tiger:cfcc": "A41",
        "tiger:county": "Los Angeles, CA",
        "tiger:name_base": "Gramercy",
        "tiger:name_direction_prefix": "S",
        "tiger:name_type": "Pl",
        "tiger:zip_left": "90062",
        "tiger:zip_right": "90062"
      },
      "geometry": {
        "type": "LineString",
        "coordinates": [
          [
            -118.3138521,
            33.9950514
          ],
          [
            -118.3138548,
            33.993716
          ],
          [
            -118.3138556,
            33.9933234
          ],
          [
            -118.3138558,
            33.9932257
          ]
        ]
      },
      "id": "way/1270059426"
    },
    {
      "type": "Feature",
      "properties": {
        "@id": "way/1347432655",
        "highway": "residential",
        "lanes": "2",
        "name": "West 52nd Street",
        "surface": "paved",
        "tiger:cfcc": "A41",
        "tiger:county": "Los Angeles, CA",
        "tiger:name_base": "52nd",
        "tiger:name_direction_prefix": "W",
        "tiger:name_type": "St",
        "tiger:zip_left": "90043",
        "tiger:zip_right": "90043"
      },
      "geometry": {
        "type": "LineString",
        "coordinates": [
          [
            -118.329403,
            33.9949765
          ],
          [
            -118.3295236,
            33.994976
          ],
          [
            -118.3300788,
            33.9949738
          ],
          [
            -118.3305021,
            33.9949721
          ],
          [
            -118.3305364,
            33.9949719
          ],
          [
            -118.3305759,
            33.9949718
          ],
          [
            -118.3306666,
            33.9949707
          ]
        ]
      },
      "id": "way/1347432655"
    },
    {
      "type": "Feature",
      "properties": {
        "@id": "way/1347432656",
        "highway": "residential",
        "name": "5th Avenue",
        "surface": "paved",
        "tiger:cfcc": "A41",
        "tiger:county": "Los Angeles, CA",
        "tiger:name_base": "5th",
        "tiger:name_type": "Ave",
        "tiger:reviewed": "no",
        "tiger:zip_left": "90043",
        "tiger:zip_left_1": "90043",
        "tiger:zip_right": "90043"
      },
      "geometry": {
        "type": "LineString",
        "coordinates": [
          [
            -118.3225382,
            33.9950275
          ],
          [
            -118.3225339,
            33.9937602
          ],
          [
            -118.3225354,
            33.9936844
          ],
          [
            -118.3225358,
            33.9935978
          ],
          [
            -118.322537,
            33.993181
          ]
        ]
      },
      "id": "way/1347432656"
    },
    {
      "type": "Feature",
      "properties": {
        "@id": "way/1347432657",
        "highway": "residential",
        "name": "5th Avenue",
        "surface": "asphalt",
        "tiger:cfcc": "A41",
        "tiger:county": "Los Angeles, CA",
        "tiger:name_base": "5th",
        "tiger:name_type": "Ave",
        "tiger:reviewed": "no",
        "tiger:zip_left": "90043",
        "tiger:zip_left_1": "90043",
        "tiger:zip_right": "90043"
      },
      "geometry": {
        "type": "LineString",
        "coordinates": [
          [
            -118.3224886,
            34.0036774
          ],
          [
            -118.3224884,
            34.0035833
          ],
          [
            -118.3224907,
            34.0032214
          ],
          [
            -118.3224919,
            34.0029593
          ],
          [
            -118.3225036,
            34.0004797
          ],
          [
            -118.3224967,
            34.0000506
          ],
          [
            -118.3225126,
            33.9984317
          ],
          [
            -118.3225208,
            33.9966994
          ],
          [
            -118.3225308,
            33.9958189
          ],
          [
            -118.3225308,
            33.995752
          ],
          [
            -118.3225337,
            33.9953702
          ],
          [
            -118.3225373,
            33.9950941
          ],
          [
            -118.3225382,
            33.9950275
          ]
        ]
      },
      "id": "way/1347432657"
    },
    {
      "type": "Feature",
      "properties": {
        "@id": "way/1347432658",
        "highway": "residential",
        "lanes": "4",
        "lanes:backward": "3",
        "lanes:forward": "1",
        "maxspeed": "35 mph",
        "name": "West 48th Street",
        "tiger:cfcc": "A41",
        "tiger:county": "Los Angeles, CA",
        "tiger:name_base": "48th",
        "tiger:name_direction_prefix": "W",
        "tiger:name_type": "St",
        "tiger:zip_left": "90043",
        "tiger:zip_right": "90043",
        "turn:lanes:backward": "left|through|right"
      },
      "geometry": {
        "type": "LineString",
        "coordinates": [
          [
            -118.3309388,
            34.0000253
          ],
          [
            -118.3310624,
            34.0000234
          ],
          [
            -118.3310988,
            34.0000228
          ],
          [
            -118.3313269,
            34.0000193
          ]
        ]
      },
      "id": "way/1347432658"
    },
    {
      "type": "Feature",
      "properties": {
        "@id": "way/1347434461",
        "highway": "residential",
        "name": "Deane Avenue",
        "surface": "asphalt",
        "tiger:cfcc": "A41",
        "tiger:county": "Los Angeles, CA",
        "tiger:name_base": "Deane",
        "tiger:name_type": "Ave",
        "tiger:zip_left": "90043",
        "tiger:zip_right": "90043"
      },
      "geometry": {
        "type": "LineString",
        "coordinates": [
          [
            -118.3380838,
            33.9968605
          ],
          [
            -118.3379788,
            33.996789
          ],
          [
            -118.3378774,
            33.996624
          ],
          [
            -118.3378403,
            33.9964674
          ],
          [
            -118.3378251,
            33.9963247
          ],
          [
            -118.337814,
            33.994925
          ],
          [
            -118.3378125,
            33.9935203
          ],
          [
            -118.3378121,
            33.9931906
          ],
          [
            -118.337812,
            33.9930617
          ]
        ]
      },
      "id": "way/1347434461"
    },
    {
      "type": "Feature",
      "properties": {
        "@id": "way/1347434462",
        "highway": "residential",
        "name": "Brynhurst Avenue",
        "surface": "paved",
        "tiger:cfcc": "A41",
        "tiger:county": "Los Angeles, CA",
        "tiger:name_base": "Brynhurst",
        "tiger:name_type": "Ave",
        "tiger:zip_left": "90043",
        "tiger:zip_right": "90043"
      },
      "geometry": {
        "type": "LineString",
        "coordinates": [
          [
            -118.3333078,
            33.9967092
          ],
          [
            -118.3333087,
            33.9958536
          ],
          [
            -118.3333182,
            33.9949526
          ],
          [
            -118.3333182,
            33.9931004
          ]
        ]
      },
      "id": "way/1347434462"
    },
    {
      "type": "Feature",
      "properties": {
        "@id": "way/1424465651",
        "highway": "residential",
        "name": "West Concordia Walk",
        "tiger:cfcc": "A41",
        "tiger:county": "Los Angeles, CA",
        "tiger:name_base": "Concordia",
        "tiger:name_direction_prefix": "W",
        "tiger:name_type": "Walk",
        "tiger:zip_left": "90062",
        "tiger:zip_right": "90062"
      },
      "geometry": {
        "type": "LineString",
        "coordinates": [
          [
            -118.3137458,
            33.9920219
          ],
          [
            -118.31377,
            33.992022
          ],
          [
            -118.3138582,
            33.9920222
          ]
        ]
      },
      "id": "way/1424465651"
    },
    {
      "type": "Feature",
      "properties": {
        "@id": "way/1424465652",
        "highway": "residential",
        "name": "West Concordia Walk",
        "tiger:cfcc": "A41",
        "tiger:county": "Los Angeles, CA",
        "tiger:name_base": "Concordia",
        "tiger:name_direction_prefix": "W",
        "tiger:name_type": "Walk",
        "tiger:zip_left": "90062",
        "tiger:zip_right": "90062"
      },
      "geometry": {
        "type": "LineString",
        "coordinates": [
          [
            -118.3126058,
            33.9920263
          ],
          [
            -118.3126982,
            33.9920258
          ],
          [
            -118.3127095,
            33.9920257
          ]
        ]
      },
      "id": "way/1424465652"
    }
  ]
}